origin_timestamp,actual_peak_mw,predicted_peak_mw,peak_magnitude_error_mw,actual_peak_time,predicted_peak_time,peak_timing_error_hours
<<<<<<< Updated upstream
2024-07-18 23:00:00,7279.413333333334,5975.358368546092,-1304.0549647872422,2024-07-19 15:00:00,2024-07-19 23:00:00,8.0
2024-07-19 00:00:00,7279.413333333334,5913.499340990524,-1365.9139923428102,2024-07-19 15:00:00,2024-07-19 23:00:00,8.0
2024-07-19 01:00:00,7279.413333333334,5960.860761487545,-1318.5525718457893,2024-07-19 15:00:00,2024-07-19 23:00:00,8.0
2024-07-19 02:00:00,7279.413333333334,5993.874229028295,-1285.5391043050386,2024-07-19 15:00:00,2024-07-19 23:00:00,8.0
2024-07-19 03:00:00,7279.413333333334,6000.109868537332,-1279.3034647960021,2024-07-19 15:00:00,2024-07-19 23:00:00,8.0
2024-07-19 04:00:00,7279.413333333334,5937.413360020612,-1341.9999733127215,2024-07-19 15:00:00,2024-07-19 23:00:00,8.0
2024-07-19 05:00:00,7279.413333333334,5906.753604166282,-1372.6597291670523,2024-07-19 15:00:00,2024-07-19 23:00:00,8.0
2024-07-19 06:00:00,7279.413333333334,6052.748698910142,-1226.6646344231922,2024-07-19 15:00:00,2024-07-19 23:00:00,8.0
2024-07-19 07:00:00,7279.413333333334,6191.171982892699,-1088.241350440635,2024-07-19 15:00:00,2024-07-19 23:00:00,8.0
2024-07-19 08:00:00,7279.413333333334,6189.0598711972825,-1090.3534621360513,2024-07-19 15:00:00,2024-07-19 23:00:00,8.0
2024-07-19 09:00:00,7279.413333333334,6314.59575163665,-964.8175816966841,2024-07-19 15:00:00,2024-07-19 23:00:00,8.0
2024-07-19 10:00:00,7279.413333333334,6276.524614490952,-1002.8887188423814,2024-07-19 15:00:00,2024-07-19 23:00:00,8.0
2024-07-19 11:00:00,7279.413333333334,6258.871983920845,-1020.5413494124887,2024-07-19 15:00:00,2024-07-19 23:00:00,8.0
2024-07-19 12:00:00,7279.413333333334,6074.838949002213,-1204.574384331121,2024-07-19 15:00:00,2024-07-19 23:00:00,8.0
2024-07-19 13:00:00,7279.413333333334,6127.948047979648,-1151.4652853536854,2024-07-19 15:00:00,2024-07-19 23:00:00,8.0
2024-07-19 14:00:00,7279.413333333334,6164.319503231483,-1115.0938301018505,2024-07-19 15:00:00,2024-07-19 23:00:00,8.0
2024-07-19 15:00:00,6997.837500000001,6176.129277444955,-821.7082225550457,2024-07-19 16:00:00,2024-07-19 23:00:00,7.0
2024-07-19 16:00:00,6898.169999999999,6274.853731033577,-623.3162689664223,2024-07-20 15:00:00,2024-07-19 23:00:00,16.0
2024-07-19 17:00:00,6898.169999999999,6409.165077138314,-489.0049228616854,2024-07-20 15:00:00,2024-07-19 23:00:00,16.0
2024-07-19 18:00:00,6898.169999999999,6274.954431621913,-623.2155683780866,2024-07-20 15:00:00,2024-07-19 23:00:00,16.0
2024-07-19 19:00:00,6898.169999999999,6199.300338799261,-698.8696612007379,2024-07-20 15:00:00,2024-07-19 23:00:00,16.0
2024-07-19 20:00:00,6898.169999999999,6210.270186300778,-687.8998136992213,2024-07-20 15:00:00,2024-07-19 23:00:00,16.0
2024-07-19 21:00:00,6898.169999999999,6210.270186300778,-687.8998136992213,2024-07-20 15:00:00,2024-07-19 23:00:00,16.0
2024-07-19 22:00:00,7078.236666666667,6446.015293174561,-632.2213734921061,2024-07-20 22:00:00,2024-07-19 23:00:00,23.0
2024-07-19 23:00:00,7175.231111111111,6071.130638160624,-1104.1004729504875,2024-07-20 23:00:00,2024-07-20 23:00:00,0.0
2024-07-20 00:00:00,7175.231111111111,6071.130638160624,-1104.1004729504875,2024-07-20 23:00:00,2024-07-20 23:00:00,0.0
2024-07-20 01:00:00,7175.231111111111,6086.223267408884,-1089.0078437022275,2024-07-20 23:00:00,2024-07-20 23:00:00,0.0
2024-07-20 02:00:00,7175.231111111111,6085.674631493079,-1089.5564796180324,2024-07-20 23:00:00,2024-07-20 23:00:00,0.0
2024-07-20 03:00:00,7175.231111111111,6090.483528422505,-1084.7475826886066,2024-07-20 23:00:00,2024-07-20 23:00:00,0.0
2024-07-20 04:00:00,7175.231111111111,6099.267290254651,-1075.9638208564602,2024-07-20 23:00:00,2024-07-20 23:00:00,0.0
2024-07-20 05:00:00,7175.231111111111,5993.023412381077,-1182.2076987300343,2024-07-20 23:00:00,2024-07-20 23:00:00,0.0
2024-07-20 06:00:00,7175.231111111111,5979.327025721325,-1195.904085389786,2024-07-20 23:00:00,2024-07-20 23:00:00,0.0
2024-07-20 07:00:00,7175.231111111111,5987.334905183097,-1187.8962059280138,2024-07-20 23:00:00,2024-07-20 23:00:00,0.0
2024-07-20 08:00:00,7175.231111111111,5960.193715467225,-1215.0373956438862,2024-07-20 23:00:00,2024-07-20 23:00:00,0.0
2024-07-20 09:00:00,7175.231111111111,5994.795855227841,-1180.4352558832707,2024-07-20 23:00:00,2024-07-20 23:00:00,0.0
2024-07-20 10:00:00,7175.231111111111,6105.78372303301,-1069.4473880781015,2024-07-20 23:00:00,2024-07-20 23:00:00,0.0
2024-07-20 11:00:00,7175.231111111111,6136.550663642995,-1038.6804474681167,2024-07-20 23:00:00,2024-07-20 23:00:00,0.0
2024-07-20 12:00:00,7175.231111111111,6168.849537903126,-1006.3815732079856,2024-07-20 23:00:00,2024-07-20 23:00:00,0.0
2024-07-20 13:00:00,7175.231111111111,6168.849537903126,-1006.3815732079856,2024-07-20 23:00:00,2024-07-20 23:00:00,0.0
2024-07-20 14:00:00,7175.231111111111,6192.786397547851,-982.4447135632599,2024-07-20 23:00:00,2024-07-20 23:00:00,0.0
2024-07-20 15:00:00,7175.231111111111,6183.227459857065,-992.0036512540464,2024-07-20 23:00:00,2024-07-20 23:00:00,0.0
2024-07-20 16:00:00,7175.231111111111,6177.8575632470565,-997.3735478640547,2024-07-20 23:00:00,2024-07-20 23:00:00,0.0
2024-07-20 17:00:00,7175.231111111111,6182.278469896109,-992.9526412150026,2024-07-20 23:00:00,2024-07-20 23:00:00,0.0
2024-07-20 18:00:00,7175.231111111111,6183.628098653306,-991.6030124578056,2024-07-20 23:00:00,2024-07-20 23:00:00,0.0
2024-07-20 19:00:00,7175.231111111111,6190.54166826603,-984.6894428450814,2024-07-20 23:00:00,2024-07-20 23:00:00,0.0
2024-07-20 20:00:00,7175.231111111111,6199.587403014451,-975.6437080966598,2024-07-20 23:00:00,2024-07-20 23:00:00,0.0
2024-07-20 21:00:00,7175.231111111111,6210.418741071651,-964.8123700394599,2024-07-20 23:00:00,2024-07-20 23:00:00,0.0
2024-07-20 22:00:00,7175.231111111111,6210.418741071651,-964.8123700394599,2024-07-20 23:00:00,2024-07-20 23:00:00,0.0
2024-07-20 23:00:00,7059.881666666667,6033.416785255725,-1026.4648814109423,2024-07-21 23:00:00,2024-07-21 23:00:00,0.0
2024-07-21 00:00:00,7059.881666666667,6319.434905037341,-740.4467616293259,2024-07-21 23:00:00,2024-07-22 00:00:00,1.0
2024-07-21 01:00:00,7059.881666666667,6323.855811686393,-736.0258549802738,2024-07-21 23:00:00,2024-07-22 00:00:00,1.0
2024-07-21 02:00:00,7059.881666666667,6318.3824975042,-741.4991691624673,2024-07-21 23:00:00,2024-07-22 00:00:00,1.0
2024-07-21 03:00:00,7059.881666666667,6366.944814669125,-692.9368519975424,2024-07-21 23:00:00,2024-07-22 00:00:00,1.0
2024-07-21 04:00:00,7059.881666666667,6361.8320795017025,-698.0495871649646,2024-07-21 23:00:00,2024-07-22 00:00:00,1.0
2024-07-21 05:00:00,7059.881666666667,6349.339608200001,-710.5420584666663,2024-07-21 23:00:00,2024-07-22 00:00:00,1.0
2024-07-21 06:00:00,7059.881666666667,6320.05601587665,-739.8256507900169,2024-07-21 23:00:00,2024-07-22 00:00:00,1.0
2024-07-21 07:00:00,7059.881666666667,6253.685288527733,-806.196378138934,2024-07-21 23:00:00,2024-07-22 00:00:00,1.0
2024-07-21 08:00:00,7059.881666666667,6165.134182412677,-894.7474842539905,2024-07-21 23:00:00,2024-07-22 00:00:00,1.0
2024-07-21 09:00:00,7059.881666666667,6245.263186088648,-814.6184805780194,2024-07-21 23:00:00,2024-07-22 00:00:00,1.0
2024-07-21 10:00:00,7059.881666666667,6314.664393416876,-745.2172732497911,2024-07-21 23:00:00,2024-07-22 00:00:00,1.0
2024-07-21 11:00:00,7059.881666666667,6321.531327368008,-738.3503392986595,2024-07-21 23:00:00,2024-07-22 00:00:00,1.0
2024-07-21 12:00:00,7059.881666666667,6336.133298713984,-723.7483679526831,2024-07-21 23:00:00,2024-07-22 00:00:00,1.0
2024-07-21 13:00:00,7059.881666666667,6331.712392064932,-728.1692746017352,2024-07-21 23:00:00,2024-07-22 00:00:00,1.0
2024-07-21 14:00:00,7059.881666666667,6341.309199615617,-718.5724670510499,2024-07-21 23:00:00,2024-07-22 00:00:00,1.0
2024-07-21 15:00:00,7059.881666666667,6341.309199615617,-718.5724670510499,2024-07-21 23:00:00,2024-07-22 00:00:00,1.0
2024-07-21 16:00:00,7059.881666666667,6339.572664385431,-720.3090022812357,2024-07-21 23:00:00,2024-07-22 00:00:00,1.0
2024-07-21 17:00:00,7059.881666666667,6342.14961280094,-717.7320538657268,2024-07-21 23:00:00,2024-07-22 00:00:00,1.0
2024-07-21 18:00:00,7059.881666666667,6340.464967449963,-719.4166992167038,2024-07-21 23:00:00,2024-07-22 00:00:00,1.0
2024-07-21 19:00:00,7059.881666666667,6341.663932053007,-718.2177346136605,2024-07-21 23:00:00,2024-07-22 00:00:00,1.0
2024-07-21 20:00:00,7059.881666666667,6352.998408314783,-706.8832583518843,2024-07-21 23:00:00,2024-07-22 00:00:00,1.0
2024-07-21 21:00:00,7059.881666666667,6352.998408314783,-706.8832583518843,2024-07-21 23:00:00,2024-07-22 00:00:00,1.0
2024-07-21 22:00:00,7059.881666666667,6352.998408314783,-706.8832583518843,2024-07-21 23:00:00,2024-07-22 00:00:00,1.0
2024-07-21 23:00:00,6963.320833333334,6355.357391456131,-607.963441877203,2024-07-22 12:00:00,2024-07-22 00:00:00,12.0
2024-07-22 00:00:00,6963.320833333334,6300.128524160884,-663.1923091724502,2024-07-22 12:00:00,2024-07-22 23:00:00,11.0
2024-07-22 01:00:00,6963.320833333334,6310.800246760092,-652.5205865732423,2024-07-22 12:00:00,2024-07-22 23:00:00,11.0
2024-07-22 02:00:00,6963.320833333334,6380.422450913045,-582.8983824202887,2024-07-22 12:00:00,2024-07-22 23:00:00,11.0
2024-07-22 03:00:00,6963.320833333334,6403.542483423494,-559.7783499098405,2024-07-22 12:00:00,2024-07-22 23:00:00,11.0
2024-07-22 04:00:00,6963.320833333334,6378.136184931985,-585.1846484013495,2024-07-22 12:00:00,2024-07-22 23:00:00,11.0
2024-07-22 05:00:00,6963.320833333334,6392.660034954042,-570.6607983792919,2024-07-22 12:00:00,2024-07-22 23:00:00,11.0
2024-07-22 06:00:00,6963.320833333334,6352.630005220961,-610.6908281123733,2024-07-22 12:00:00,2024-07-22 23:00:00,11.0
2024-07-22 07:00:00,6963.320833333334,6334.178035289469,-629.1427980438648,2024-07-22 12:00:00,2024-07-22 23:00:00,11.0
2024-07-22 08:00:00,6963.320833333334,6259.0106904142995,-704.3101429190347,2024-07-22 12:00:00,2024-07-22 23:00:00,11.0
2024-07-22 09:00:00,6963.320833333334,6254.623142369602,-708.6976909637324,2024-07-22 12:00:00,2024-07-22 23:00:00,11.0
2024-07-22 10:00:00,6963.320833333334,6276.492529752814,-686.8283035805198,2024-07-22 12:00:00,2024-07-22 23:00:00,11.0
2024-07-22 11:00:00,6963.320833333334,6295.2161163839755,-668.1047169493586,2024-07-22 12:00:00,2024-07-22 23:00:00,11.0
2024-07-22 12:00:00,6715.5025,6300.249650640404,-415.25284935959553,2024-07-22 22:00:00,2024-07-22 23:00:00,1.0
2024-07-22 13:00:00,6715.5025,6300.249650640404,-415.25284935959553,2024-07-22 22:00:00,2024-07-22 23:00:00,1.0
2024-07-22 14:00:00,6748.785833333332,6287.447427267707,-461.33840606562535,2024-07-23 14:00:00,2024-07-22 23:00:00,15.0
2024-07-22 15:00:00,6898.761666666666,6277.888489576921,-620.8731770897457,2024-07-23 15:00:00,2024-07-22 23:00:00,16.0
2024-07-22 16:00:00,6898.761666666666,6280.5786393326935,-618.1830273339729,2024-07-23 15:00:00,2024-07-22 23:00:00,16.0
2024-07-22 17:00:00,6898.761666666666,6278.088717738745,-620.6729489279214,2024-07-23 15:00:00,2024-07-22 23:00:00,16.0
2024-07-22 18:00:00,6898.761666666666,6288.484081244364,-610.2775854223028,2024-07-23 15:00:00,2024-07-22 23:00:00,16.0
2024-07-22 19:00:00,6898.761666666666,6299.81855750614,-598.9431091605265,2024-07-23 15:00:00,2024-07-22 23:00:00,16.0
2024-07-22 20:00:00,6898.761666666666,6310.64989556334,-588.1117711033266,2024-07-23 15:00:00,2024-07-22 23:00:00,16.0
2024-07-22 21:00:00,6898.761666666666,6315.213168857596,-583.5484978090699,2024-07-23 15:00:00,2024-07-22 23:00:00,16.0
2024-07-22 22:00:00,7019.615000000001,6315.213168857596,-704.4018311424043,2024-07-23 22:00:00,2024-07-22 23:00:00,23.0
2024-07-22 23:00:00,7019.615000000001,6194.8250898225015,-824.7899101774992,2024-07-23 22:00:00,2024-07-23 22:00:00,0.0
2024-07-23 00:00:00,7019.615000000001,6199.245996471554,-820.3690035284471,2024-07-23 22:00:00,2024-07-23 22:00:00,0.0
2024-07-23 01:00:00,7019.615000000001,6203.594781909473,-816.020218090528,2024-07-23 22:00:00,2024-07-23 22:00:00,0.0
2024-07-23 02:00:00,7019.615000000001,6236.334000846435,-783.280999153566,2024-07-23 22:00:00,2024-07-23 22:00:00,0.0
2024-07-23 03:00:00,7019.615000000001,6189.707851680064,-829.9071483199368,2024-07-23 22:00:00,2024-07-23 22:00:00,0.0
2024-07-23 04:00:00,7019.615000000001,6162.228508056164,-857.3864919438365,2024-07-23 22:00:00,2024-07-23 14:00:00,8.0
2024-07-23 05:00:00,7019.615000000001,6140.596475115401,-879.0185248846001,2024-07-23 22:00:00,2024-07-23 14:00:00,8.0
2024-07-23 06:00:00,7019.615000000001,6150.847549128373,-868.7674508716273,2024-07-23 22:00:00,2024-07-23 22:00:00,0.0
2024-07-23 07:00:00,7019.615000000001,6154.815121740156,-864.7998782598443,2024-07-23 22:00:00,2024-07-23 15:00:00,7.0
2024-07-23 08:00:00,7019.615000000001,6237.129675152449,-782.485324847552,2024-07-23 22:00:00,2024-07-23 22:00:00,0.0
2024-07-23 09:00:00,7019.615000000001,6342.75479119812,-676.8602088018806,2024-07-23 22:00:00,2024-07-23 22:00:00,0.0
2024-07-23 10:00:00,7019.615000000001,6346.378527622831,-673.2364723771698,2024-07-23 22:00:00,2024-07-23 22:00:00,0.0
2024-07-23 11:00:00,7019.615000000001,6327.152820646632,-692.4621793533688,2024-07-23 22:00:00,2024-07-23 22:00:00,0.0
2024-07-23 12:00:00,7019.615000000001,6283.802862849687,-735.8121371503139,2024-07-23 22:00:00,2024-07-23 22:00:00,0.0
2024-07-23 13:00:00,7019.615000000001,6293.399670400372,-726.2153295996286,2024-07-23 22:00:00,2024-07-23 22:00:00,0.0
2024-07-23 14:00:00,7019.615000000001,6332.328721548265,-687.2862784517356,2024-07-23 22:00:00,2024-07-23 22:00:00,0.0
2024-07-23 15:00:00,7019.615000000001,6354.144772448351,-665.4702275516493,2024-07-23 22:00:00,2024-07-23 22:00:00,0.0
2024-07-23 16:00:00,7019.615000000001,6408.801568172866,-610.813431827135,2024-07-23 22:00:00,2024-07-23 22:00:00,0.0
2024-07-23 17:00:00,7019.615000000001,6414.572103579115,-605.0428964208859,2024-07-23 22:00:00,2024-07-23 22:00:00,0.0
2024-07-23 18:00:00,7019.615000000001,6425.906579840891,-593.7084201591097,2024-07-23 22:00:00,2024-07-23 22:00:00,0.0
2024-07-23 19:00:00,7019.615000000001,6435.603124337068,-584.0118756629327,2024-07-23 22:00:00,2024-07-23 22:00:00,0.0
2024-07-23 20:00:00,7019.615000000001,6446.434462394268,-573.1805376057328,2024-07-23 22:00:00,2024-07-23 22:00:00,0.0
2024-07-23 21:00:00,7019.615000000001,6446.434462394268,-573.1805376057328,2024-07-23 22:00:00,2024-07-23 22:00:00,0.0
2024-07-23 22:00:00,7011.8154545454545,6408.473676076476,-603.3417784689782,2024-07-23 23:00:00,2024-07-23 23:00:00,0.0
2024-07-24 23:00:00,7018.9158333333335,6404.872914440503,-614.0429188928301,2024-07-25 15:00:00,2024-07-25 23:00:00,8.0
2024-07-25 00:00:00,7018.9158333333335,6404.872914440503,-614.0429188928301,2024-07-25 15:00:00,2024-07-25 23:00:00,8.0
2024-07-25 01:00:00,7018.9158333333335,6425.203587373319,-593.7122459600141,2024-07-25 15:00:00,2024-07-25 23:00:00,8.0
2024-07-25 02:00:00,7018.9158333333335,6437.872014960497,-581.0438183728365,2024-07-25 15:00:00,2024-07-25 23:00:00,8.0
2024-07-25 03:00:00,7018.9158333333335,6458.899538544328,-560.0162947890058,2024-07-25 15:00:00,2024-07-25 23:00:00,8.0
2024-07-25 04:00:00,7018.9158333333335,6421.102958152505,-597.8128751808281,2024-07-25 15:00:00,2024-07-25 23:00:00,8.0
2024-07-25 05:00:00,7018.9158333333335,6365.162065002087,-653.7537683312466,2024-07-25 15:00:00,2024-07-25 23:00:00,8.0
2024-07-25 06:00:00,7018.9158333333335,6381.5367345376435,-637.37909879569,2024-07-25 15:00:00,2024-07-25 23:00:00,8.0
2024-07-25 07:00:00,7018.9158333333335,6352.385574023788,-666.5302593095457,2024-07-25 15:00:00,2024-07-25 23:00:00,8.0
2024-07-25 08:00:00,7018.9158333333335,6225.660412102994,-793.2554212303394,2024-07-25 15:00:00,2024-07-25 23:00:00,8.0
2024-07-25 09:00:00,7018.9158333333335,6344.354579974593,-674.56125335874,2024-07-25 15:00:00,2024-07-25 23:00:00,8.0
2024-07-25 10:00:00,7018.9158333333335,6516.686655516376,-502.2291778169574,2024-07-25 15:00:00,2024-07-25 23:00:00,8.0
2024-07-25 11:00:00,7018.9158333333335,6529.590757833251,-489.3250755000827,2024-07-25 15:00:00,2024-07-25 23:00:00,8.0
2024-07-25 12:00:00,7018.9158333333335,6530.777453973947,-488.1383793593868,2024-07-25 15:00:00,2024-07-25 23:00:00,8.0
2024-07-25 13:00:00,7018.9158333333335,6540.097747618704,-478.8180857146299,2024-07-25 15:00:00,2024-07-25 23:00:00,8.0
2024-07-25 14:00:00,7018.9158333333335,6544.599971744887,-474.31586158844675,2024-07-25 15:00:00,2024-07-25 23:00:00,8.0
2024-07-25 15:00:00,6973.530833333333,6535.0410340541,-438.489799279233,2024-07-25 22:00:00,2024-07-25 23:00:00,1.0
2024-07-25 16:00:00,6973.530833333333,6534.311397221684,-439.219436111649,2024-07-25 22:00:00,2024-07-25 23:00:00,1.0
2024-07-25 17:00:00,6973.530833333333,6531.821475627736,-441.70935770559754,2024-07-25 22:00:00,2024-07-25 23:00:00,1.0
2024-07-25 18:00:00,6973.530833333333,6533.171104384933,-440.3597289484005,2024-07-25 22:00:00,2024-07-25 23:00:00,1.0
2024-07-25 19:00:00,6973.530833333333,6544.505580646709,-429.0252526866243,2024-07-25 22:00:00,2024-07-25 23:00:00,1.0
2024-07-25 20:00:00,6973.530833333333,6549.1304087460785,-424.40042458725475,2024-07-25 22:00:00,2024-07-25 23:00:00,1.0
2024-07-25 21:00:00,6973.530833333333,6559.961746803278,-413.56908653005485,2024-07-25 22:00:00,2024-07-25 23:00:00,1.0
2024-07-25 22:00:00,6973.419999999999,6559.961746803278,-413.45825319672076,2024-07-25 23:00:00,2024-07-25 23:00:00,0.0
2024-07-26 23:00:00,6876.47,6131.01977994257,-745.4502200574307,2024-07-27 14:00:00,2024-07-27 23:00:00,9.0
2024-07-27 00:00:00,6876.47,6135.440686591622,-741.0293134083786,2024-07-27 14:00:00,2024-07-27 23:00:00,9.0
2024-07-27 01:00:00,6876.47,6146.11240919083,-730.3575908091707,2024-07-27 14:00:00,2024-07-27 23:00:00,9.0
2024-07-27 02:00:00,6876.47,6173.3975977877535,-703.0724022122467,2024-07-27 14:00:00,2024-07-27 23:00:00,9.0
2024-07-27 03:00:00,6876.47,6213.956859037717,-662.5131409622836,2024-07-27 14:00:00,2024-07-27 23:00:00,9.0
2024-07-27 04:00:00,6876.47,6147.007321819146,-729.4626781808547,2024-07-27 14:00:00,2024-07-27 23:00:00,9.0
2024-07-27 05:00:00,6876.47,6166.432807429612,-710.0371925703885,2024-07-27 14:00:00,2024-07-27 23:00:00,9.0
2024-07-27 06:00:00,6876.47,6102.988159884457,-773.4818401155435,2024-07-27 14:00:00,2024-07-27 23:00:00,9.0
2024-07-27 07:00:00,6876.47,6064.676205624161,-811.7937943758388,2024-07-27 14:00:00,2024-07-27 23:00:00,9.0
2024-07-27 08:00:00,6876.47,6075.171155374936,-801.2988446250647,2024-07-27 14:00:00,2024-07-27 23:00:00,9.0
2024-07-27 09:00:00,6876.47,6114.970830671123,-761.4991693288775,2024-07-27 14:00:00,2024-07-27 23:00:00,9.0
2024-07-27 10:00:00,6876.47,6209.261620391005,-667.2083796089955,2024-07-27 14:00:00,2024-07-27 23:00:00,9.0
2024-07-27 11:00:00,6876.47,6239.967372435407,-636.5026275645932,2024-07-27 14:00:00,2024-07-27 23:00:00,9.0
2024-07-27 12:00:00,6876.47,6245.925501342135,-630.544498657865,2024-07-27 14:00:00,2024-07-27 23:00:00,9.0
2024-07-27 13:00:00,6876.47,6241.504594693083,-634.9654053069171,2024-07-27 14:00:00,2024-07-27 23:00:00,9.0
2024-07-27 14:00:00,6747.529090909092,6243.437471900025,-504.09161900906656,2024-07-27 23:00:00,2024-07-27 23:00:00,0.0
2024-07-27 15:00:00,6747.529090909092,6239.903230671264,-507.6258602378275,2024-07-27 23:00:00,2024-07-27 23:00:00,0.0
2024-07-27 16:00:00,6747.529090909092,6231.077984518472,-516.4511063906202,2024-07-27 23:00:00,2024-07-27 23:00:00,0.0
2024-07-27 17:00:00,6747.529090909092,6235.498891167524,-512.0301997415681,2024-07-27 23:00:00,2024-07-27 23:00:00,0.0
2024-07-27 18:00:00,6747.529090909092,6230.204608672437,-517.3244822366551,2024-07-27 23:00:00,2024-07-27 23:00:00,0.0
2024-07-27 19:00:00,6747.529090909092,6234.462445717861,-513.0666451912311,2024-07-27 23:00:00,2024-07-27 23:00:00,0.0
2024-07-27 20:00:00,6747.529090909092,6251.783784285678,-495.74530662341385,2024-07-27 23:00:00,2024-07-27 23:00:00,0.0
2024-07-27 21:00:00,6766.256666666667,6251.783784285678,-514.4728823809892,2024-07-28 21:00:00,2024-07-27 23:00:00,22.0
2024-07-27 22:00:00,7020.555,6246.7120678888705,-773.8429321111298,2024-07-28 22:00:00,2024-07-27 23:00:00,23.0
2024-07-27 23:00:00,7093.96,6009.990903850128,-1083.9690961498718,2024-07-28 23:00:00,2024-07-28 23:00:00,0.0
2024-07-28 00:00:00,7093.96,6323.663030684492,-770.2969693155082,2024-07-28 23:00:00,2024-07-29 00:00:00,1.0
2024-07-28 01:00:00,7093.96,6323.663030684492,-770.2969693155082,2024-07-28 23:00:00,2024-07-29 00:00:00,1.0
2024-07-28 02:00:00,7093.96,6352.94051314791,-741.0194868520903,2024-07-28 23:00:00,2024-07-29 00:00:00,1.0
2024-07-28 03:00:00,7093.96,6332.197087222821,-761.7629127771788,2024-07-28 23:00:00,2024-07-29 00:00:00,1.0
2024-07-28 04:00:00,7093.96,6320.579552935578,-773.3804470644218,2024-07-28 23:00:00,2024-07-29 00:00:00,1.0
2024-07-28 05:00:00,7093.96,6275.53717813258,-818.4228218674198,2024-07-28 23:00:00,2024-07-29 00:00:00,1.0
2024-07-28 06:00:00,7093.96,6311.640909915552,-782.3190900844484,2024-07-28 23:00:00,2024-07-29 00:00:00,1.0
2024-07-28 07:00:00,7093.96,6310.461545519608,-783.498454480392,2024-07-28 23:00:00,2024-07-29 00:00:00,1.0
2024-07-28 08:00:00,7093.96,6261.529792408103,-832.4302075918968,2024-07-28 23:00:00,2024-07-29 00:00:00,1.0
2024-07-28 09:00:00,7093.96,6194.343926539153,-899.6160734608475,2024-07-28 23:00:00,2024-07-29 00:00:00,1.0
2024-07-28 10:00:00,7093.96,6310.60153913372,-783.3584608662804,2024-07-28 23:00:00,2024-07-29 00:00:00,1.0
2024-07-28 11:00:00,7093.96,6343.44026317757,-750.5197368224299,2024-07-28 23:00:00,2024-07-29 00:00:00,1.0
2024-07-28 12:00:00,7093.96,6353.621327874494,-740.3386721255056,2024-07-28 23:00:00,2024-07-29 00:00:00,1.0
2024-07-28 13:00:00,7093.96,6349.200421225442,-744.7595787745577,2024-07-28 23:00:00,2024-07-29 00:00:00,1.0
2024-07-28 14:00:00,7287.760833333334,6368.958766808958,-918.8020665243757,2024-07-29 14:00:00,2024-07-29 14:00:00,0.0
2024-07-28 15:00:00,7589.474166666667,6443.488160252305,-1145.9860064143622,2024-07-29 15:00:00,2024-07-29 15:00:00,0.0
2024-07-28 16:00:00,7589.474166666667,6435.780520304109,-1153.693646362558,2024-07-29 15:00:00,2024-07-29 15:00:00,0.0
2024-07-28 17:00:00,7589.474166666667,6435.780520304109,-1153.693646362558,2024-07-29 15:00:00,2024-07-29 15:00:00,0.0
2024-07-28 18:00:00,7589.474166666667,6430.883098950385,-1158.591067716282,2024-07-29 15:00:00,2024-07-29 15:00:00,0.0
2024-07-28 19:00:00,7589.474166666667,6442.28170718659,-1147.1924594800766,2024-07-29 15:00:00,2024-07-29 15:00:00,0.0
2024-07-28 20:00:00,7589.474166666667,6439.836590763061,-1149.6375759036055,2024-07-29 15:00:00,2024-07-29 15:00:00,0.0
2024-07-28 21:00:00,7589.474166666667,6429.732399823707,-1159.7417668429598,2024-07-29 15:00:00,2024-07-29 15:00:00,0.0
2024-07-28 22:00:00,7634.945454545454,6430.5824231550805,-1204.3630313903732,2024-07-29 22:00:00,2024-07-29 15:00:00,7.0
2024-07-29 23:00:00,7904.763333333333,6494.764375946466,-1409.998957386867,2024-07-30 15:00:00,2024-07-30 00:00:00,15.0
2024-07-30 00:00:00,7904.763333333333,6438.517191537351,-1466.246141795982,2024-07-30 15:00:00,2024-07-30 23:00:00,8.0
2024-07-30 01:00:00,7904.763333333333,6454.426957821115,-1450.3363755122182,2024-07-30 15:00:00,2024-07-30 23:00:00,8.0
2024-07-30 02:00:00,7904.763333333333,6525.91146038823,-1378.8518729451034,2024-07-30 15:00:00,2024-07-30 23:00:00,8.0
2024-07-30 03:00:00,7904.763333333333,6540.09084564242,-1364.672487690913,2024-07-30 15:00:00,2024-07-30 23:00:00,8.0
2024-07-30 04:00:00,7904.763333333333,6536.939271745492,-1367.8240615878412,2024-07-30 15:00:00,2024-07-30 23:00:00,8.0
2024-07-30 05:00:00,7904.763333333333,6561.5415225787,-1343.2218107546332,2024-07-30 15:00:00,2024-07-30 23:00:00,8.0
2024-07-30 06:00:00,7904.763333333333,6558.445616361711,-1346.3177169716228,2024-07-30 15:00:00,2024-07-30 23:00:00,8.0
2024-07-30 07:00:00,7904.763333333333,6556.3507447808515,-1348.4125885524818,2024-07-30 15:00:00,2024-07-30 23:00:00,8.0
2024-07-30 08:00:00,7904.763333333333,6583.62313560255,-1321.1401977307833,2024-07-30 15:00:00,2024-07-30 23:00:00,8.0
2024-07-30 09:00:00,7904.763333333333,6557.976803663127,-1346.7865296702066,2024-07-30 15:00:00,2024-07-30 23:00:00,8.0
2024-07-30 10:00:00,7904.763333333333,6562.693514783398,-1342.069818549935,2024-07-30 15:00:00,2024-07-30 23:00:00,8.0
2024-07-30 11:00:00,7904.763333333333,6586.593002316193,-1318.1703310171406,2024-07-30 15:00:00,2024-07-30 23:00:00,8.0
2024-07-30 12:00:00,7904.763333333333,6586.593002316193,-1318.1703310171406,2024-07-30 15:00:00,2024-07-30 23:00:00,8.0
2024-07-30 13:00:00,7904.763333333333,6586.593002316193,-1318.1703310171406,2024-07-30 15:00:00,2024-07-30 23:00:00,8.0
2024-07-30 14:00:00,7904.763333333333,6559.917456498784,-1344.845876834549,2024-07-30 15:00:00,2024-07-30 23:00:00,8.0
2024-07-30 15:00:00,8108.8516666666665,6550.358518807998,-1558.4931478586686,2024-07-31 15:00:00,2024-07-30 23:00:00,16.0
2024-07-30 16:00:00,8108.8516666666665,6553.048668563771,-1555.8029981028958,2024-07-31 15:00:00,2024-07-30 23:00:00,16.0
2024-07-30 17:00:00,8108.8516666666665,6548.1421601957,-1560.7095064709665,2024-07-31 15:00:00,2024-07-30 23:00:00,16.0
2024-07-30 18:00:00,8108.8516666666665,6569.3688617585185,-1539.482804908148,2024-07-31 15:00:00,2024-07-30 23:00:00,16.0
2024-07-30 19:00:00,8108.8516666666665,6580.703338020295,-1528.1483286463717,2024-07-31 15:00:00,2024-07-30 23:00:00,16.0
2024-07-30 20:00:00,8108.8516666666665,6563.685289275874,-1545.1663773907921,2024-07-31 15:00:00,2024-07-30 23:00:00,16.0
2024-07-30 21:00:00,8108.8516666666665,6563.685289275874,-1545.1663773907921,2024-07-31 15:00:00,2024-07-30 23:00:00,16.0
2024-07-30 22:00:00,8108.8516666666665,6563.685289275874,-1545.1663773907921,2024-07-31 15:00:00,2024-07-30 23:00:00,16.0
2024-07-30 23:00:00,8108.8516666666665,6310.3297264699195,-1798.521940196747,2024-07-31 15:00:00,2024-07-31 00:00:00,15.0
2024-07-31 00:00:00,8108.8516666666665,6325.7028445604265,-1783.14882210624,2024-07-31 15:00:00,2024-07-31 16:00:00,1.0
2024-07-31 01:00:00,8108.8516666666665,6340.215306721864,-1768.6363599448023,2024-07-31 15:00:00,2024-07-31 16:00:00,1.0
2024-07-31 02:00:00,8108.8516666666665,6394.869861746445,-1713.9818049202213,2024-07-31 15:00:00,2024-07-31 15:00:00,0.0
2024-07-31 03:00:00,8108.8516666666665,6427.857337166313,-1680.9943295003532,2024-07-31 15:00:00,2024-07-31 16:00:00,1.0
2024-07-31 04:00:00,8108.8516666666665,6486.540880215263,-1622.3107864514031,2024-07-31 15:00:00,2024-07-31 16:00:00,1.0
2024-07-31 05:00:00,8108.8516666666665,6496.748370439709,-1612.1032962269574,2024-07-31 15:00:00,2024-07-31 16:00:00,1.0
2024-07-31 06:00:00,8108.8516666666665,6502.328817341827,-1606.5228493248396,2024-07-31 15:00:00,2024-07-31 16:00:00,1.0
2024-07-31 07:00:00,8108.8516666666665,6495.575915755754,-1613.2757509109124,2024-07-31 15:00:00,2024-07-31 16:00:00,1.0
2024-07-31 08:00:00,8108.8516666666665,6459.731742129756,-1649.1199245369107,2024-07-31 15:00:00,2024-07-31 16:00:00,1.0
2024-07-31 09:00:00,8108.8516666666665,6488.885528558906,-1619.9661381077603,2024-07-31 15:00:00,2024-07-31 16:00:00,1.0
2024-07-31 10:00:00,8108.8516666666665,6470.738570842165,-1638.1130958245012,2024-07-31 15:00:00,2024-07-31 16:00:00,1.0
2024-07-31 11:00:00,8108.8516666666665,6500.5636944389,-1608.2879722277667,2024-07-31 15:00:00,2024-07-31 16:00:00,1.0
2024-07-31 12:00:00,8108.8516666666665,6510.868272046747,-1597.9833946199196,2024-07-31 15:00:00,2024-07-31 16:00:00,1.0
2024-07-31 13:00:00,8108.8516666666665,6504.030778623573,-1604.8208880430939,2024-07-31 15:00:00,2024-07-31 16:00:00,1.0
2024-07-31 14:00:00,8108.8516666666665,6495.432356589657,-1613.4193100770099,2024-07-31 15:00:00,2024-07-31 16:00:00,1.0
2024-07-31 15:00:00,7869.428333333333,6495.432356589657,-1373.9959767436767,2024-07-31 16:00:00,2024-07-31 16:00:00,0.0
2024-07-31 16:00:00,7420.330833333333,6184.209938411617,-1236.1208949217162,2024-07-31 17:00:00,2024-07-31 17:00:00,0.0
2024-07-31 17:00:00,6788.360000000001,6036.734955659669,-751.6250443403314,2024-07-31 18:00:00,2024-07-31 23:00:00,5.0
2024-07-31 18:00:00,5792.715454545455,6057.961657222488,265.24620267703267,2024-07-31 23:00:00,2024-07-31 23:00:00,0.0
2024-07-31 19:00:00,5792.715454545455,6027.848211408756,235.13275686330053,2024-07-31 23:00:00,2024-07-31 23:00:00,0.0
2024-07-31 20:00:00,5792.715454545455,5918.208111140162,125.49265659470711,2024-07-31 23:00:00,2024-07-31 23:00:00,0.0
2024-07-31 21:00:00,5792.715454545455,5975.467801821487,182.7523472760322,2024-07-31 23:00:00,2024-07-31 23:00:00,0.0
2024-07-31 22:00:00,5792.715454545455,6006.555598201174,213.84014365571875,2024-07-31 23:00:00,2024-07-31 23:00:00,0.0
2024-07-31 23:00:00,5199.455833333333,4698.6777338973925,-500.77809943594093,2024-08-01 10:00:00,2024-08-01 10:00:00,0.0
2024-08-01 00:00:00,5199.455833333333,4660.650216332972,-538.805617000361,2024-08-01 10:00:00,2024-08-01 10:00:00,0.0
2024-08-01 01:00:00,5199.455833333333,4716.062299442991,-483.39353389034204,2024-08-01 10:00:00,2024-08-01 10:00:00,0.0
2024-08-01 02:00:00,5199.455833333333,4738.222826678553,-461.2330066547802,2024-08-01 10:00:00,2024-08-01 10:00:00,0.0
2024-08-01 03:00:00,5199.455833333333,4681.090291035888,-518.3655422974452,2024-08-01 10:00:00,2024-08-01 10:00:00,0.0
2024-08-01 04:00:00,5199.455833333333,4611.132254639376,-588.3235786939576,2024-08-01 10:00:00,2024-08-01 09:00:00,1.0
2024-08-01 05:00:00,5199.455833333333,4627.269653971251,-572.1861793620828,2024-08-01 10:00:00,2024-08-01 11:00:00,1.0
2024-08-01 06:00:00,5199.455833333333,4550.51928470279,-648.9365486305433,2024-08-01 10:00:00,2024-08-01 11:00:00,1.0
2024-08-01 07:00:00,5199.455833333333,4498.976098127499,-700.479735205834,2024-08-01 10:00:00,2024-08-01 11:00:00,1.0
2024-08-01 08:00:00,5199.455833333333,4400.116668692372,-799.3391646409618,2024-08-01 10:00:00,2024-08-01 10:00:00,0.0
2024-08-01 09:00:00,5199.455833333333,4427.960852512396,-771.4949808209376,2024-08-01 10:00:00,2024-08-01 10:00:00,0.0
2024-08-01 10:00:00,5162.175,4398.6135241705415,-763.5614758294587,2024-08-01 11:00:00,2024-08-01 11:00:00,0.0
2024-08-01 11:00:00,4978.030833333333,4097.275737734644,-880.755095598689,2024-08-01 12:00:00,2024-08-01 12:00:00,0.0
2024-08-01 12:00:00,4661.333333333333,3805.1696517358996,-856.1636815974334,2024-08-02 10:00:00,2024-08-01 13:00:00,21.0
2024-08-01 13:00:00,4661.333333333333,3785.012951010837,-876.3203823224962,2024-08-02 10:00:00,2024-08-02 09:00:00,1.0
2024-08-01 14:00:00,4661.333333333333,3895.2185745472957,-766.1147587860373,2024-08-02 10:00:00,2024-08-02 10:00:00,0.0
2024-08-01 15:00:00,4661.333333333333,3718.4109647159376,-942.9223686173955,2024-08-02 10:00:00,2024-08-02 09:00:00,1.0
2024-08-01 16:00:00,4661.333333333333,3669.9244406896637,-991.4088926436693,2024-08-02 10:00:00,2024-08-02 09:00:00,1.0
2024-08-01 17:00:00,4661.333333333333,3705.349470870513,-955.9838624628201,2024-08-02 10:00:00,2024-08-02 09:00:00,1.0
2024-08-01 18:00:00,4661.333333333333,3742.6024718348744,-918.7308614984586,2024-08-02 10:00:00,2024-08-02 09:00:00,1.0
2024-08-01 19:00:00,4661.333333333333,3733.2133343191776,-928.1199990141554,2024-08-02 10:00:00,2024-08-02 09:00:00,1.0
2024-08-01 20:00:00,4661.333333333333,3723.5438676821523,-937.7894656511808,2024-08-02 10:00:00,2024-08-02 09:00:00,1.0
2024-08-01 21:00:00,4661.333333333333,3651.7244582918756,-1009.6088750414574,2024-08-02 10:00:00,2024-08-02 09:00:00,1.0
2024-08-01 22:00:00,4661.333333333333,3686.9558545285377,-974.3774788047954,2024-08-02 10:00:00,2024-08-02 09:00:00,1.0
2024-08-01 23:00:00,4661.333333333333,3669.8913173855467,-991.4420159477863,2024-08-02 10:00:00,2024-08-02 09:00:00,1.0
2024-08-02 00:00:00,4661.333333333333,3553.183695358977,-1108.1496379743562,2024-08-02 10:00:00,2024-08-02 09:00:00,1.0
2024-08-02 01:00:00,4661.333333333333,3444.0836771077184,-1217.2496562256147,2024-08-02 10:00:00,2024-08-02 09:00:00,1.0
2024-08-02 02:00:00,4661.333333333333,3481.358298279228,-1179.9750350541049,2024-08-02 10:00:00,2024-08-02 09:00:00,1.0
2024-08-02 03:00:00,4661.333333333333,3489.5806179878814,-1171.7527153454516,2024-08-02 10:00:00,2024-08-02 09:00:00,1.0
2024-08-02 04:00:00,4661.333333333333,3481.208553514775,-1180.1247798185582,2024-08-02 10:00:00,2024-08-02 09:00:00,1.0
2024-08-02 05:00:00,4661.333333333333,3479.8105602409705,-1181.5227730923625,2024-08-02 10:00:00,2024-08-02 09:00:00,1.0
2024-08-02 06:00:00,4661.333333333333,3508.6475334725296,-1152.6857998608034,2024-08-02 10:00:00,2024-08-02 09:00:00,1.0
2024-08-02 07:00:00,4661.333333333333,3678.2967118083657,-983.0366215249674,2024-08-02 10:00:00,2024-08-02 09:00:00,1.0
2024-08-02 08:00:00,4661.333333333333,3652.540840240606,-1008.792493092727,2024-08-02 10:00:00,2024-08-02 09:00:00,1.0
2024-08-02 09:00:00,4661.333333333333,3620.333883997925,-1040.999449335408,2024-08-02 10:00:00,2024-08-03 09:00:00,23.0
2024-08-02 10:00:00,4488.2891666666665,3623.077805683809,-865.2113609828575,2024-08-02 11:00:00,2024-08-03 09:00:00,22.0
2024-08-02 11:00:00,4366.410833333333,3616.615281671554,-749.7955516617794,2024-08-03 09:00:00,2024-08-03 09:00:00,0.0
2024-08-02 12:00:00,4366.410833333333,3644.9140181534467,-721.4968151798867,2024-08-03 09:00:00,2024-08-03 09:00:00,0.0
2024-08-02 13:00:00,4366.410833333333,3378.6343942165686,-987.7764391167648,2024-08-03 09:00:00,2024-08-03 09:00:00,0.0
2024-08-02 14:00:00,4366.410833333333,3399.4201638946433,-966.99066943869,2024-08-03 09:00:00,2024-08-03 09:00:00,0.0
2024-08-02 15:00:00,4366.410833333333,3495.6754323972286,-870.7354009361047,2024-08-03 09:00:00,2024-08-03 09:00:00,0.0
2024-08-02 16:00:00,4366.410833333333,3518.520410446229,-847.8904228871043,2024-08-03 09:00:00,2024-08-03 09:00:00,0.0
2024-08-02 17:00:00,4366.410833333333,3595.858529261646,-770.5523040716876,2024-08-03 09:00:00,2024-08-03 09:00:00,0.0
2024-08-02 18:00:00,4366.410833333333,3592.9133230763478,-773.4975102569856,2024-08-03 09:00:00,2024-08-03 09:00:00,0.0
2024-08-02 19:00:00,4366.410833333333,3569.4392774928297,-796.9715558405037,2024-08-03 09:00:00,2024-08-03 09:00:00,0.0
2024-08-02 20:00:00,4366.410833333333,3605.7805387018384,-760.630294631495,2024-08-03 09:00:00,2024-08-03 11:00:00,2.0
2024-08-02 21:00:00,4366.410833333333,3526.4033897523746,-840.0074435809588,2024-08-03 09:00:00,2024-08-03 09:00:00,0.0
2024-08-02 22:00:00,4366.410833333333,3356.939750593503,-1009.4710827398303,2024-08-03 09:00:00,2024-08-03 09:00:00,0.0
2024-08-03 23:00:00,4312.531666666667,3910.508064529565,-402.02360213710153,2024-08-04 15:00:00,2024-08-04 11:00:00,4.0
2024-08-04 00:00:00,6118.200833333333,3955.4286690651443,-2162.772164268189,2024-08-05 00:00:00,2024-08-04 11:00:00,13.0
2024-08-04 01:00:00,6118.200833333333,3914.2245935073815,-2203.976239825952,2024-08-05 00:00:00,2024-08-05 00:00:00,0.0
2024-08-04 02:00:00,6118.200833333333,3910.036986333233,-2208.1638470001003,2024-08-05 00:00:00,2024-08-05 00:00:00,0.0
2024-08-04 03:00:00,6118.200833333333,3928.3381846050515,-2189.862648728282,2024-08-05 00:00:00,2024-08-05 00:00:00,0.0
2024-08-04 04:00:00,6118.200833333333,3881.2087490602257,-2236.9920842731076,2024-08-05 00:00:00,2024-08-04 11:00:00,13.0
2024-08-04 05:00:00,6118.200833333333,3905.1246732185887,-2213.0761601147447,2024-08-05 00:00:00,2024-08-05 00:00:00,0.0
2024-08-04 06:00:00,6118.200833333333,3952.26564758585,-2165.9351857474835,2024-08-05 00:00:00,2024-08-04 11:00:00,13.0
2024-08-04 07:00:00,6118.200833333333,3943.75907645925,-2174.4417568740832,2024-08-05 00:00:00,2024-08-04 11:00:00,13.0
2024-08-04 08:00:00,6118.200833333333,3931.2464052621885,-2186.954428071145,2024-08-05 00:00:00,2024-08-05 00:00:00,0.0
2024-08-04 09:00:00,6118.200833333333,3938.706165695789,-2179.4946676375444,2024-08-05 00:00:00,2024-08-05 00:00:00,0.0
2024-08-04 10:00:00,6118.200833333333,4189.6463140100395,-1928.5545193232938,2024-08-05 00:00:00,2024-08-04 11:00:00,13.0
2024-08-04 11:00:00,6118.200833333333,4222.961984122021,-1895.2388492113123,2024-08-05 00:00:00,2024-08-04 15:00:00,9.0
2024-08-04 12:00:00,6118.200833333333,4270.290100806941,-1847.9107325263922,2024-08-05 00:00:00,2024-08-04 15:00:00,9.0
2024-08-04 13:00:00,6118.200833333333,4138.265592705123,-1979.9352406282105,2024-08-05 00:00:00,2024-08-04 15:00:00,9.0
2024-08-04 14:00:00,6118.200833333333,4478.0745684211315,-1640.1262649122018,2024-08-05 00:00:00,2024-08-05 14:00:00,14.0
2024-08-04 15:00:00,6321.549166666667,4628.327110360463,-1693.2220563062037,2024-08-05 15:00:00,2024-08-05 15:00:00,0.0
2024-08-04 16:00:00,6321.549166666667,4700.674481004854,-1620.8746856618127,2024-08-05 15:00:00,2024-08-05 15:00:00,0.0
2024-08-04 17:00:00,6321.549166666667,4815.609988132577,-1505.9391785340895,2024-08-05 15:00:00,2024-08-05 00:00:00,15.0
2024-08-04 18:00:00,6321.549166666667,4772.0672098656705,-1549.4819568009962,2024-08-05 15:00:00,2024-08-05 00:00:00,15.0
2024-08-04 19:00:00,6321.549166666667,4889.858988778269,-1431.6901778883976,2024-08-05 15:00:00,2024-08-05 15:00:00,0.0
2024-08-04 20:00:00,6321.549166666667,4746.5557042755945,-1574.9934623910722,2024-08-05 15:00:00,2024-08-05 15:00:00,0.0
2024-08-04 21:00:00,6321.549166666667,4760.8570106217285,-1560.6921560449382,2024-08-05 15:00:00,2024-08-05 15:00:00,0.0
2024-08-04 22:00:00,6321.549166666667,4748.644126524793,-1572.9050401418735,2024-08-05 15:00:00,2024-08-05 15:00:00,0.0
2024-08-04 23:00:00,6321.549166666667,4609.424716757739,-1712.124449908928,2024-08-05 15:00:00,2024-08-05 00:00:00,15.0
2024-08-05 00:00:00,7220.8125,5727.506615233075,-1493.3058847669254,2024-08-06 00:00:00,2024-08-06 00:00:00,0.0
2024-08-05 01:00:00,7220.8125,5642.315767222627,-1578.496732777373,2024-08-06 00:00:00,2024-08-06 00:00:00,0.0
2024-08-05 02:00:00,7220.8125,5702.862412006855,-1517.9500879931447,2024-08-06 00:00:00,2024-08-06 00:00:00,0.0
2024-08-05 03:00:00,7220.8125,5717.127494196169,-1503.6850058038308,2024-08-06 00:00:00,2024-08-06 00:00:00,0.0
2024-08-05 04:00:00,7220.8125,5606.405134356729,-1614.407365643271,2024-08-06 00:00:00,2024-08-06 00:00:00,0.0
2024-08-05 05:00:00,7220.8125,5626.739124096566,-1594.0733759034338,2024-08-06 00:00:00,2024-08-06 00:00:00,0.0
2024-08-05 06:00:00,7220.8125,5506.431675443239,-1714.3808245567607,2024-08-06 00:00:00,2024-08-06 00:00:00,0.0
2024-08-05 07:00:00,7220.8125,5508.604457968916,-1712.208042031084,2024-08-06 00:00:00,2024-08-06 00:00:00,0.0
2024-08-05 08:00:00,7220.8125,5544.558203092513,-1676.2542969074866,2024-08-06 00:00:00,2024-08-06 00:00:00,0.0
2024-08-05 09:00:00,7220.8125,5537.422972631701,-1683.3895273682992,2024-08-06 00:00:00,2024-08-06 00:00:00,0.0
2024-08-05 10:00:00,7220.8125,5620.225925439998,-1600.5865745600022,2024-08-06 00:00:00,2024-08-06 00:00:00,0.0
2024-08-05 11:00:00,7220.8125,5757.121960619787,-1463.6905393802126,2024-08-06 00:00:00,2024-08-05 23:00:00,1.0
2024-08-05 12:00:00,7220.8125,5776.214891028752,-1444.5976089712476,2024-08-06 00:00:00,2024-08-05 23:00:00,1.0
2024-08-05 13:00:00,7220.8125,5799.4238648427545,-1421.3886351572455,2024-08-06 00:00:00,2024-08-05 23:00:00,1.0
2024-08-05 14:00:00,7220.8125,5792.554457946617,-1428.2580420533832,2024-08-06 00:00:00,2024-08-06 14:00:00,14.0
2024-08-05 15:00:00,7220.8125,5788.650187390152,-1432.1623126098484,2024-08-06 00:00:00,2024-08-06 15:00:00,15.0
2024-08-05 16:00:00,7220.8125,5796.709869368505,-1424.1026306314952,2024-08-06 00:00:00,2024-08-06 15:00:00,15.0
2024-08-05 17:00:00,7220.8125,5807.140957556876,-1413.671542443124,2024-08-06 00:00:00,2024-08-06 15:00:00,15.0
2024-08-05 18:00:00,7220.8125,5780.19466636375,-1440.61783363625,2024-08-06 00:00:00,2024-08-05 23:00:00,1.0
2024-08-05 19:00:00,7220.8125,5782.224107798,-1438.5883922020003,2024-08-06 00:00:00,2024-08-06 15:00:00,15.0
2024-08-05 20:00:00,7220.8125,5816.467096098522,-1404.3454039014778,2024-08-06 00:00:00,2024-08-06 14:00:00,14.0
2024-08-05 21:00:00,7220.8125,5835.339331109496,-1385.473168890504,2024-08-06 00:00:00,2024-08-06 15:00:00,15.0
2024-08-05 22:00:00,7220.8125,6070.267314375857,-1150.5451856241434,2024-08-06 00:00:00,2024-08-06 22:00:00,22.0
2024-08-05 23:00:00,7220.8125,6035.651770673463,-1185.160729326537,2024-08-06 00:00:00,2024-08-06 22:00:00,22.0
2024-08-06 00:00:00,6972.572727272727,6015.855443940674,-956.7172833320528,2024-08-06 23:00:00,2024-08-06 22:00:00,1.0
2024-08-06 01:00:00,6972.572727272727,6034.4225496657755,-938.1501776069517,2024-08-06 23:00:00,2024-08-06 22:00:00,1.0
2024-08-06 02:00:00,6972.572727272727,6047.2581885448735,-925.3145387278537,2024-08-06 23:00:00,2024-08-06 22:00:00,1.0
2024-08-06 03:00:00,6972.572727272727,6062.751105807834,-909.8216214648928,2024-08-06 23:00:00,2024-08-06 22:00:00,1.0
2024-08-06 04:00:00,6972.572727272727,6107.477050267279,-865.0956770054481,2024-08-06 23:00:00,2024-08-06 23:00:00,0.0
2024-08-06 05:00:00,6972.572727272727,6127.4434635369635,-845.1292637357637,2024-08-06 23:00:00,2024-08-06 23:00:00,0.0
2024-08-06 06:00:00,6972.572727272727,6083.988880207468,-888.5838470652589,2024-08-06 23:00:00,2024-08-06 22:00:00,1.0
2024-08-06 07:00:00,6972.572727272727,6016.2357308808,-956.3369963919276,2024-08-06 23:00:00,2024-08-06 22:00:00,1.0
2024-08-06 08:00:00,6972.572727272727,6012.173661453712,-960.399065819015,2024-08-06 23:00:00,2024-08-06 22:00:00,1.0
2024-08-06 09:00:00,6972.572727272727,6015.661108591885,-956.9116186808424,2024-08-06 23:00:00,2024-08-06 22:00:00,1.0
2024-08-06 10:00:00,6972.572727272727,6185.796481219142,-786.776246053585,2024-08-06 23:00:00,2024-08-06 22:00:00,1.0
2024-08-06 11:00:00,6972.572727272727,6215.711450690256,-756.861276582471,2024-08-06 23:00:00,2024-08-06 23:00:00,0.0
2024-08-06 12:00:00,6972.572727272727,6217.104386080918,-755.4683411918095,2024-08-06 23:00:00,2024-08-06 22:00:00,1.0
2024-08-06 13:00:00,6972.572727272727,6222.289764220541,-750.2829630521865,2024-08-06 23:00:00,2024-08-06 23:00:00,0.0
2024-08-06 14:00:00,6972.572727272727,6186.299313388431,-786.2734138842961,2024-08-06 23:00:00,2024-08-06 23:00:00,0.0
2024-08-06 15:00:00,6972.572727272727,6215.966049439052,-756.6066778336753,2024-08-06 23:00:00,2024-08-06 22:00:00,1.0
2024-08-06 16:00:00,6972.572727272727,6220.692068449375,-751.880658823352,2024-08-06 23:00:00,2024-08-06 22:00:00,1.0
2024-08-06 17:00:00,6972.572727272727,6215.040388124134,-757.5323391485936,2024-08-06 23:00:00,2024-08-06 23:00:00,0.0
2024-08-06 18:00:00,6972.572727272727,6228.9311366742,-743.6415905985268,2024-08-06 23:00:00,2024-08-06 22:00:00,1.0
2024-08-06 19:00:00,6972.572727272727,6182.990124764097,-789.5826025086299,2024-08-06 23:00:00,2024-08-06 22:00:00,1.0
2024-08-06 20:00:00,6972.572727272727,6189.251066570394,-783.3216607023332,2024-08-06 23:00:00,2024-08-06 22:00:00,1.0
2024-08-06 21:00:00,6972.572727272727,6219.939843457988,-752.6328838147392,2024-08-06 23:00:00,2024-08-06 22:00:00,1.0
2024-08-06 22:00:00,6972.572727272727,6154.973231944809,-817.5994953279178,2024-08-06 23:00:00,2024-08-06 23:00:00,0.0
2024-08-06 23:00:00,5721.299090909091,5984.56950629582,263.2704153867289,2024-08-07 23:00:00,2024-08-07 23:00:00,0.0
2024-08-07 00:00:00,5721.299090909091,5953.1380150742725,231.8389241651812,2024-08-07 23:00:00,2024-08-07 23:00:00,0.0
2024-08-07 01:00:00,5721.299090909091,5939.591672318783,218.2925814096916,2024-08-07 23:00:00,2024-08-07 23:00:00,0.0
2024-08-07 02:00:00,5721.299090909091,5991.241306883292,269.94221597420074,2024-08-07 23:00:00,2024-08-07 23:00:00,0.0
2024-08-07 03:00:00,5721.299090909091,5917.413216992027,196.1141260829354,2024-08-07 23:00:00,2024-08-07 23:00:00,0.0
2024-08-07 04:00:00,5721.299090909091,5787.342640359772,66.04354945068098,2024-08-07 23:00:00,2024-08-07 23:00:00,0.0
2024-08-07 05:00:00,5721.299090909091,5752.044102214586,30.7450113054947,2024-08-07 23:00:00,2024-08-07 23:00:00,0.0
2024-08-07 06:00:00,5721.299090909091,5721.499790505371,0.20069959627926437,2024-08-07 23:00:00,2024-08-07 23:00:00,0.0
2024-08-07 07:00:00,5721.299090909091,5625.044016414001,-96.25507449509041,2024-08-07 23:00:00,2024-08-07 23:00:00,0.0
2024-08-07 08:00:00,5721.299090909091,5712.118994164319,-9.180096744772527,2024-08-07 23:00:00,2024-08-07 23:00:00,0.0
2024-08-07 09:00:00,5721.299090909091,5840.3250198892165,119.02592898012517,2024-08-07 23:00:00,2024-08-07 23:00:00,0.0
2024-08-07 10:00:00,5721.299090909091,5820.661059582853,99.36196867376202,2024-08-07 23:00:00,2024-08-07 23:00:00,0.0
2024-08-07 11:00:00,5721.299090909091,5812.7192997471175,91.42020883802616,2024-08-07 23:00:00,2024-08-07 23:00:00,0.0
2024-08-07 12:00:00,5765.581666666666,5821.407730263044,55.826063596377935,2024-08-08 12:00:00,2024-08-07 23:00:00,13.0
2024-08-07 13:00:00,5765.581666666666,5769.466423963969,3.8847572973027127,2024-08-08 12:00:00,2024-08-07 23:00:00,13.0
2024-08-07 14:00:00,6112.265,5887.86069866172,-224.40430133828067,2024-08-08 14:00:00,2024-08-07 23:00:00,15.0
2024-08-07 15:00:00,6112.265,5885.99142783725,-226.2735721627505,2024-08-08 14:00:00,2024-08-07 23:00:00,15.0
2024-08-07 16:00:00,6112.265,5926.87339769339,-185.39160230661037,2024-08-08 14:00:00,2024-08-07 23:00:00,15.0
2024-08-07 17:00:00,6112.265,5904.893192828465,-207.3718071715357,2024-08-08 14:00:00,2024-08-07 23:00:00,15.0
2024-08-07 18:00:00,6112.265,5832.727750588408,-279.5372494115927,2024-08-08 14:00:00,2024-08-07 23:00:00,15.0
2024-08-07 19:00:00,6112.265,5831.14055097343,-281.1244490265699,2024-08-08 14:00:00,2024-08-07 23:00:00,15.0
2024-08-07 20:00:00,6112.265,5846.210049676215,-266.0549503237853,2024-08-08 14:00:00,2024-08-07 23:00:00,15.0
2024-08-07 21:00:00,6112.265,5946.502614179927,-165.76238582007318,2024-08-08 14:00:00,2024-08-07 23:00:00,15.0
2024-08-07 22:00:00,6112.265,6000.955866882677,-111.30913311732365,2024-08-08 14:00:00,2024-08-07 23:00:00,15.0
2024-08-07 23:00:00,6112.265,5648.572716829384,-463.69228317061607,2024-08-08 14:00:00,2024-08-08 23:00:00,9.0
2024-08-08 00:00:00,6112.265,5635.881422435946,-476.3835775640546,2024-08-08 14:00:00,2024-08-08 23:00:00,9.0
2024-08-08 01:00:00,6112.265,5652.263900121951,-460.001099878049,2024-08-08 14:00:00,2024-08-08 23:00:00,9.0
2024-08-08 02:00:00,6112.265,5633.8086462256615,-478.4563537743388,2024-08-08 14:00:00,2024-08-08 15:00:00,1.0
2024-08-08 03:00:00,6112.265,5623.577239366105,-488.6877606338958,2024-08-08 14:00:00,2024-08-08 15:00:00,1.0
2024-08-08 04:00:00,6112.265,5667.869890998469,-444.39510900153164,2024-08-08 14:00:00,2024-08-08 15:00:00,1.0
2024-08-08 05:00:00,6112.265,5712.924799343008,-399.34020065699224,2024-08-08 14:00:00,2024-08-08 23:00:00,9.0
2024-08-08 06:00:00,6112.265,5824.227572413839,-288.03742758616136,2024-08-08 14:00:00,2024-08-08 23:00:00,9.0
2024-08-08 07:00:00,6112.265,5762.83174403876,-349.4332559612403,2024-08-08 14:00:00,2024-08-08 23:00:00,9.0
2024-08-08 08:00:00,6112.265,5758.197978367735,-354.0670216322651,2024-08-08 14:00:00,2024-08-08 15:00:00,1.0
2024-08-08 09:00:00,6112.265,5745.131850387739,-367.13314961226115,2024-08-08 14:00:00,2024-08-08 15:00:00,1.0
2024-08-08 10:00:00,6112.265,5865.781156310396,-246.48384368960433,2024-08-08 14:00:00,2024-08-08 22:00:00,8.0
2024-08-08 11:00:00,6112.265,5854.221549016105,-258.0434509838951,2024-08-08 14:00:00,2024-08-08 22:00:00,8.0
2024-08-08 12:00:00,6112.265,5912.924502032624,-199.340497967376,2024-08-08 14:00:00,2024-08-08 23:00:00,9.0
2024-08-08 13:00:00,6112.265,5889.094629060311,-223.17037093968975,2024-08-08 14:00:00,2024-08-08 15:00:00,1.0
2024-08-08 14:00:00,6108.31,5876.0265742980155,-232.28342570198492,2024-08-08 15:00:00,2024-08-08 15:00:00,0.0
2024-08-08 15:00:00,6034.358333333334,5841.744022728067,-192.61431060526684,2024-08-08 16:00:00,2024-08-08 22:00:00,6.0
2024-08-08 16:00:00,5923.1925,5875.853688167963,-47.33881183203721,2024-08-08 22:00:00,2024-08-08 22:00:00,0.0
2024-08-08 17:00:00,5923.1925,5872.785135892007,-50.40736410799309,2024-08-08 22:00:00,2024-08-08 23:00:00,1.0
2024-08-08 18:00:00,5923.1925,5897.909023571849,-25.283476428151516,2024-08-08 22:00:00,2024-08-08 22:00:00,0.0
2024-08-08 19:00:00,5923.1925,5915.656690358429,-7.535809641571177,2024-08-08 22:00:00,2024-08-08 22:00:00,0.0
2024-08-08 20:00:00,5923.1925,5869.159144540773,-54.033355459227096,2024-08-08 22:00:00,2024-08-08 22:00:00,0.0
2024-08-08 21:00:00,5923.1925,5895.374153912792,-27.81834608720783,2024-08-08 22:00:00,2024-08-08 22:00:00,0.0
2024-08-08 22:00:00,5918.583333333333,5806.111953833824,-112.47137949950866,2024-08-08 23:00:00,2024-08-08 23:00:00,0.0
2024-08-08 23:00:00,5087.036363636364,5577.900651302763,490.86428766639983,2024-08-09 23:00:00,2024-08-09 15:00:00,8.0
2024-08-09 00:00:00,5217.9675,5501.063796225177,283.09629622517696,2024-08-10 00:00:00,2024-08-09 15:00:00,9.0
2024-08-09 01:00:00,5217.9675,5543.006247083204,325.0387470832038,2024-08-10 00:00:00,2024-08-09 16:00:00,8.0
2024-08-09 02:00:00,5217.9675,5536.444181790187,318.4766817901873,2024-08-10 00:00:00,2024-08-09 15:00:00,9.0
2024-08-09 03:00:00,5217.9675,5447.08008439184,229.11258439183985,2024-08-10 00:00:00,2024-08-09 15:00:00,9.0
2024-08-09 04:00:00,5217.9675,5475.02926303914,257.0617630391398,2024-08-10 00:00:00,2024-08-09 16:00:00,8.0
2024-08-09 05:00:00,5217.9675,5420.992029180016,203.02452918001654,2024-08-10 00:00:00,2024-08-09 16:00:00,8.0
2024-08-09 06:00:00,5217.9675,5480.661821344845,262.69432134484487,2024-08-10 00:00:00,2024-08-09 16:00:00,8.0
2024-08-09 07:00:00,5217.9675,5364.953205991818,146.98570599181858,2024-08-10 00:00:00,2024-08-09 16:00:00,8.0
2024-08-09 08:00:00,5217.9675,5333.727798763835,115.76029876383564,2024-08-10 00:00:00,2024-08-09 16:00:00,8.0
2024-08-09 09:00:00,5217.9675,5354.067821042028,136.10032104202855,2024-08-10 00:00:00,2024-08-09 16:00:00,8.0
2024-08-09 10:00:00,5217.9675,5411.593907229599,193.62640722959895,2024-08-10 00:00:00,2024-08-09 16:00:00,8.0
2024-08-09 11:00:00,5273.340833333333,5394.511215913585,121.17038258025241,2024-08-10 11:00:00,2024-08-09 16:00:00,19.0
2024-08-09 12:00:00,5314.275000000001,5385.948646459334,71.67364645933321,2024-08-10 12:00:00,2024-08-09 16:00:00,20.0
2024-08-09 13:00:00,5314.275000000001,5367.6151471996545,53.340147199653984,2024-08-10 12:00:00,2024-08-09 16:00:00,20.0
2024-08-09 14:00:00,5421.9574999999995,5383.22046794951,-38.73703205048969,2024-08-10 14:00:00,2024-08-09 16:00:00,22.0
2024-08-09 15:00:00,5579.921666666666,5419.368946143789,-160.55272052287728,2024-08-10 15:00:00,2024-08-09 16:00:00,23.0
2024-08-09 16:00:00,5579.921666666666,5059.1382003262925,-520.7834663403737,2024-08-10 15:00:00,2024-08-10 15:00:00,0.0
2024-08-09 17:00:00,5579.921666666666,5059.1382003262925,-520.7834663403737,2024-08-10 15:00:00,2024-08-10 15:00:00,0.0
2024-08-09 18:00:00,5579.921666666666,5075.664962448533,-504.25670421813356,2024-08-10 15:00:00,2024-08-10 15:00:00,0.0
2024-08-09 19:00:00,5579.921666666666,5058.84995208018,-521.0717145864865,2024-08-10 15:00:00,2024-08-09 23:00:00,16.0
2024-08-09 20:00:00,5579.921666666666,5116.017795959515,-463.9038707071513,2024-08-10 15:00:00,2024-08-09 23:00:00,16.0
2024-08-09 21:00:00,5579.921666666666,5029.3991549144175,-550.5225117522486,2024-08-10 15:00:00,2024-08-09 23:00:00,16.0
2024-08-09 22:00:00,5579.921666666666,5058.824429769088,-521.0972368975781,2024-08-10 15:00:00,2024-08-09 23:00:00,16.0
2024-08-14 23:00:00,5707.886666666666,6250.007476420287,542.120809753621,2024-08-15 00:00:00,2024-08-15 14:00:00,14.0
2024-08-15 00:00:00,5359.910833333333,6207.3871538051,847.4763204717665,2024-08-15 01:00:00,2024-08-15 14:00:00,13.0
2024-08-15 01:00:00,5342.939090909091,6141.702680585962,798.7635896768716,2024-08-15 23:00:00,2024-08-15 14:00:00,9.0
2024-08-15 02:00:00,5342.939090909091,6142.378814415496,799.4397235064052,2024-08-15 23:00:00,2024-08-15 14:00:00,9.0
2024-08-15 03:00:00,5342.939090909091,6035.305107284492,692.3660163754012,2024-08-15 23:00:00,2024-08-15 15:00:00,8.0
2024-08-15 04:00:00,5342.939090909091,6052.145395334557,709.2063044254664,2024-08-15 23:00:00,2024-08-15 15:00:00,8.0
2024-08-15 05:00:00,5342.939090909091,6046.322008833544,703.3829179244531,2024-08-15 23:00:00,2024-08-15 14:00:00,9.0
2024-08-15 06:00:00,5342.939090909091,6040.370478147085,697.4313872379944,2024-08-15 23:00:00,2024-08-15 14:00:00,9.0
2024-08-15 07:00:00,5342.939090909091,5966.659962571858,623.7208716627674,2024-08-15 23:00:00,2024-08-15 14:00:00,9.0
2024-08-15 08:00:00,5342.939090909091,5714.489364654593,371.55027374550264,2024-08-15 23:00:00,2024-08-15 14:00:00,9.0
2024-08-15 09:00:00,5342.939090909091,5724.569346136749,381.6302552276584,2024-08-15 23:00:00,2024-08-15 14:00:00,9.0
2024-08-15 10:00:00,5524.073333333334,5650.448390284322,126.37505695098844,2024-08-16 10:00:00,2024-08-15 15:00:00,19.0
2024-08-15 11:00:00,5857.825,5666.8714129271175,-190.95358707288233,2024-08-16 11:00:00,2024-08-15 14:00:00,21.0
2024-08-15 12:00:00,6007.107499999999,5716.7229014172935,-290.3845985827056,2024-08-16 12:00:00,2024-08-15 14:00:00,22.0
2024-08-15 13:00:00,6007.107499999999,5730.9487163962785,-276.1587836037206,2024-08-16 12:00:00,2024-08-15 14:00:00,22.0
2024-08-15 14:00:00,6303.326666666667,5716.903965403249,-586.4227012634183,2024-08-16 14:00:00,2024-08-15 15:00:00,23.0
2024-08-15 15:00:00,6492.676666666666,5682.170315884909,-810.5063507817576,2024-08-16 15:00:00,2024-08-16 14:00:00,1.0
2024-08-15 16:00:00,6492.676666666666,5662.982590682499,-829.6940759841673,2024-08-16 15:00:00,2024-08-16 15:00:00,0.0
2024-08-15 17:00:00,6492.676666666666,5636.709230896312,-855.9674357703543,2024-08-16 15:00:00,2024-08-16 15:00:00,0.0
2024-08-15 18:00:00,6492.676666666666,5645.234113604823,-847.4425530618437,2024-08-16 15:00:00,2024-08-16 14:00:00,1.0
2024-08-15 19:00:00,6492.676666666666,5634.646582548095,-858.0300841185717,2024-08-16 15:00:00,2024-08-16 14:00:00,1.0
2024-08-15 20:00:00,6492.676666666666,5655.768163861007,-836.9085028056588,2024-08-16 15:00:00,2024-08-16 14:00:00,1.0
2024-08-15 21:00:00,6492.676666666666,5561.924861872283,-930.7518047943831,2024-08-16 15:00:00,2024-08-16 16:00:00,1.0
2024-08-15 22:00:00,6492.676666666666,5684.1134833085825,-808.5631833580837,2024-08-16 15:00:00,2024-08-16 16:00:00,1.0
2024-08-15 23:00:00,6492.676666666666,5679.70855398667,-812.968112679996,2024-08-16 15:00:00,2024-08-16 15:00:00,0.0
2024-08-16 00:00:00,6492.676666666666,5697.853096153824,-794.8235705128427,2024-08-16 15:00:00,2024-08-16 15:00:00,0.0
2024-08-16 01:00:00,6492.676666666666,5805.243864837078,-687.4328018295882,2024-08-16 15:00:00,2024-08-16 15:00:00,0.0
2024-08-16 02:00:00,6492.676666666666,5744.412507921387,-748.264158745279,2024-08-16 15:00:00,2024-08-16 16:00:00,1.0
2024-08-16 03:00:00,6492.676666666666,5733.827610241374,-758.8490564252925,2024-08-16 15:00:00,2024-08-16 16:00:00,1.0
2024-08-16 04:00:00,6492.676666666666,5634.153861085149,-858.5228055815169,2024-08-16 15:00:00,2024-08-16 16:00:00,1.0
2024-08-16 05:00:00,6492.676666666666,5640.508838803799,-852.167827862867,2024-08-16 15:00:00,2024-08-16 16:00:00,1.0
2024-08-16 06:00:00,6492.676666666666,5589.8534070335445,-902.8232596331218,2024-08-16 15:00:00,2024-08-16 16:00:00,1.0
2024-08-16 07:00:00,6492.676666666666,5588.9661363299365,-903.7105303367298,2024-08-16 15:00:00,2024-08-16 16:00:00,1.0
2024-08-16 08:00:00,6492.676666666666,5610.203441424697,-882.473225241969,2024-08-16 15:00:00,2024-08-16 16:00:00,1.0
2024-08-16 09:00:00,6492.676666666666,5680.700737401869,-811.9759292647968,2024-08-16 15:00:00,2024-08-16 16:00:00,1.0
2024-08-16 10:00:00,6492.676666666666,5844.971692455057,-647.7049742116096,2024-08-16 15:00:00,2024-08-16 16:00:00,1.0
2024-08-16 11:00:00,6492.676666666666,5831.168767747505,-661.5078989191616,2024-08-16 15:00:00,2024-08-16 16:00:00,1.0
2024-08-16 12:00:00,6492.676666666666,5873.735519702438,-618.9411469642282,2024-08-16 15:00:00,2024-08-16 16:00:00,1.0
2024-08-16 13:00:00,6492.676666666666,5972.2896744782465,-520.3869921884198,2024-08-16 15:00:00,2024-08-16 15:00:00,0.0
2024-08-16 14:00:00,6492.676666666666,6133.597754237168,-359.0789124294979,2024-08-16 15:00:00,2024-08-16 15:00:00,0.0
2024-08-16 15:00:00,6303.1466666666665,6216.50949534817,-86.63717131849626,2024-08-16 16:00:00,2024-08-16 16:00:00,0.0
2024-08-16 16:00:00,6262.339,6094.57832704979,-167.7606729502104,2024-08-16 23:00:00,2024-08-16 23:00:00,0.0
2024-08-16 17:00:00,6262.339,6086.961413485972,-175.37758651402783,2024-08-16 23:00:00,2024-08-16 23:00:00,0.0
2024-08-16 18:00:00,6262.339,6064.36335518288,-197.97564481712016,2024-08-16 23:00:00,2024-08-16 23:00:00,0.0
2024-08-16 19:00:00,6262.339,6061.548943858953,-200.790056141047,2024-08-16 23:00:00,2024-08-16 23:00:00,0.0
2024-08-16 20:00:00,6262.339,6009.772445986314,-252.56655401368607,2024-08-16 23:00:00,2024-08-16 23:00:00,0.0
2024-08-16 21:00:00,6262.339,5996.72115727425,-265.61784272575005,2024-08-16 23:00:00,2024-08-16 23:00:00,0.0
2024-08-16 22:00:00,6262.339,6019.603324985259,-242.735675014741,2024-08-16 23:00:00,2024-08-16 23:00:00,0.0
2024-08-16 23:00:00,6183.692727272727,5853.338415212551,-330.3543120601762,2024-08-17 23:00:00,2024-08-17 23:00:00,0.0
2024-08-17 00:00:00,6183.692727272727,5903.7556703822875,-279.93705689043964,2024-08-17 23:00:00,2024-08-17 23:00:00,0.0
2024-08-17 01:00:00,6183.692727272727,5905.011517129376,-278.68121014335065,2024-08-17 23:00:00,2024-08-17 23:00:00,0.0
2024-08-17 02:00:00,6183.692727272727,5898.399415268399,-285.2933120043281,2024-08-17 23:00:00,2024-08-17 23:00:00,0.0
2024-08-17 03:00:00,6183.692727272727,5854.0708543920655,-329.6218728806616,2024-08-17 23:00:00,2024-08-17 23:00:00,0.0
2024-08-17 04:00:00,6183.692727272727,5808.0379343691475,-375.6547929035796,2024-08-17 23:00:00,2024-08-17 23:00:00,0.0
2024-08-17 05:00:00,6183.692727272727,5807.835500421913,-375.8572268508142,2024-08-17 23:00:00,2024-08-17 23:00:00,0.0
2024-08-17 06:00:00,6183.692727272727,5818.89193203013,-364.8007952425969,2024-08-17 23:00:00,2024-08-17 23:00:00,0.0
2024-08-17 07:00:00,6183.692727272727,5748.3961513043505,-435.2965759683766,2024-08-17 23:00:00,2024-08-17 23:00:00,0.0
2024-08-17 08:00:00,6183.692727272727,5707.533368305224,-476.15935896750307,2024-08-17 23:00:00,2024-08-17 23:00:00,0.0
2024-08-17 09:00:00,6183.692727272727,5815.443621737085,-368.24910553564223,2024-08-17 23:00:00,2024-08-17 23:00:00,0.0
2024-08-17 10:00:00,6183.692727272727,5904.038765764962,-279.6539615077654,2024-08-17 23:00:00,2024-08-17 23:00:00,0.0
2024-08-17 11:00:00,6183.692727272727,5890.791686358895,-292.9010409138318,2024-08-17 23:00:00,2024-08-17 23:00:00,0.0
2024-08-17 12:00:00,6183.692727272727,5896.952246495388,-286.74048077733914,2024-08-17 23:00:00,2024-08-17 23:00:00,0.0
2024-08-17 13:00:00,6183.692727272727,5911.854937315471,-271.83778995725606,2024-08-17 23:00:00,2024-08-17 23:00:00,0.0
2024-08-17 14:00:00,6183.692727272727,5906.163717212689,-277.52901006003776,2024-08-17 23:00:00,2024-08-17 23:00:00,0.0
2024-08-17 15:00:00,6183.692727272727,5804.707556903099,-378.98517036962767,2024-08-17 23:00:00,2024-08-17 23:00:00,0.0
2024-08-17 16:00:00,6183.692727272727,5785.621662191628,-398.0710650810988,2024-08-17 23:00:00,2024-08-17 23:00:00,0.0
2024-08-17 17:00:00,6183.692727272727,5790.308434290962,-393.3842929817647,2024-08-17 23:00:00,2024-08-17 23:00:00,0.0
2024-08-17 18:00:00,6183.692727272727,5753.73736688574,-429.9553603869872,2024-08-17 23:00:00,2024-08-17 23:00:00,0.0
2024-08-17 19:00:00,6183.692727272727,5762.656060595293,-421.03666667743437,2024-08-17 23:00:00,2024-08-17 23:00:00,0.0
2024-08-17 20:00:00,6183.692727272727,5763.881146537737,-419.81158073499046,2024-08-17 23:00:00,2024-08-17 23:00:00,0.0
2024-08-17 21:00:00,6183.692727272727,5783.8412772182,-399.85145005452705,2024-08-17 23:00:00,2024-08-17 23:00:00,0.0
2024-08-17 22:00:00,6250.579166666666,5814.885330777605,-435.6938358890611,2024-08-18 22:00:00,2024-08-17 23:00:00,23.0
2024-08-17 23:00:00,6350.152222222223,5495.907737692415,-854.2444845298078,2024-08-18 23:00:00,2024-08-18 23:00:00,0.0
2024-08-18 00:00:00,6350.152222222223,5607.770845291824,-742.3813769303988,2024-08-18 23:00:00,2024-08-19 00:00:00,1.0
2024-08-18 01:00:00,6350.152222222223,5600.561969517981,-749.5902527042417,2024-08-18 23:00:00,2024-08-19 00:00:00,1.0
2024-08-18 02:00:00,6350.152222222223,5559.183065254332,-790.9691569678907,2024-08-18 23:00:00,2024-08-19 00:00:00,1.0
2024-08-18 03:00:00,6350.152222222223,5562.12647032193,-788.0257519002926,2024-08-18 23:00:00,2024-08-19 00:00:00,1.0
2024-08-18 04:00:00,6350.152222222223,5524.673373830421,-825.4788483918019,2024-08-18 23:00:00,2024-08-19 00:00:00,1.0
2024-08-18 05:00:00,6350.152222222223,5556.108374142684,-794.0438480795392,2024-08-18 23:00:00,2024-08-19 00:00:00,1.0
2024-08-18 06:00:00,6350.152222222223,5631.757321676938,-718.394900545285,2024-08-18 23:00:00,2024-08-19 00:00:00,1.0
2024-08-18 07:00:00,6350.152222222223,5662.306262849142,-687.8459593730813,2024-08-18 23:00:00,2024-08-18 23:00:00,0.0
2024-08-18 08:00:00,6350.152222222223,5831.79053632684,-518.3616858953828,2024-08-18 23:00:00,2024-08-19 00:00:00,1.0
2024-08-18 09:00:00,6350.152222222223,5805.655607359748,-544.4966148624753,2024-08-18 23:00:00,2024-08-19 00:00:00,1.0
2024-08-18 10:00:00,6350.152222222223,5794.838584270198,-555.3136379520247,2024-08-18 23:00:00,2024-08-19 00:00:00,1.0
2024-08-18 11:00:00,6350.152222222223,5848.336744932707,-501.8154772895159,2024-08-18 23:00:00,2024-08-19 00:00:00,1.0
2024-08-18 12:00:00,6350.152222222223,5881.317747231328,-468.8344749908947,2024-08-18 23:00:00,2024-08-19 00:00:00,1.0
2024-08-18 13:00:00,6350.152222222223,5863.731695617592,-486.42052660463105,2024-08-18 23:00:00,2024-08-19 00:00:00,1.0
2024-08-18 14:00:00,6350.152222222223,5955.561430958066,-394.5907912641569,2024-08-18 23:00:00,2024-08-19 14:00:00,15.0
2024-08-18 15:00:00,6350.152222222223,5958.217163525366,-391.9350586968567,2024-08-18 23:00:00,2024-08-19 14:00:00,15.0
2024-08-18 16:00:00,6350.152222222223,5939.195095393302,-410.957126828921,2024-08-18 23:00:00,2024-08-19 14:00:00,15.0
2024-08-18 17:00:00,6350.152222222223,5884.34605889285,-465.8061633293728,2024-08-18 23:00:00,2024-08-19 14:00:00,15.0
2024-08-18 18:00:00,6350.152222222223,5894.901054793703,-455.2511674285197,2024-08-18 23:00:00,2024-08-19 14:00:00,15.0
2024-08-18 19:00:00,6350.152222222223,5912.825593705952,-437.32662851627083,2024-08-18 23:00:00,2024-08-19 14:00:00,15.0
2024-08-18 20:00:00,6350.152222222223,5926.744655072167,-423.4075671500559,2024-08-18 23:00:00,2024-08-19 14:00:00,15.0
2024-08-18 21:00:00,6350.152222222223,5839.910520750249,-510.241701471974,2024-08-18 23:00:00,2024-08-19 14:00:00,15.0
2024-08-18 22:00:00,6350.152222222223,5812.023406790699,-538.1288154315243,2024-08-18 23:00:00,2024-08-19 14:00:00,15.0
2024-08-18 23:00:00,6077.5225,5820.339943458885,-257.18255654111545,2024-08-19 00:00:00,2024-08-19 14:00:00,14.0
2024-08-19 00:00:00,6009.115454545455,5863.163346136204,-145.9521084092503,2024-08-19 23:00:00,2024-08-19 14:00:00,9.0
2024-08-19 01:00:00,6009.115454545455,5889.2314027634875,-119.88405178196717,2024-08-19 23:00:00,2024-08-19 14:00:00,9.0
2024-08-19 02:00:00,6009.115454545455,5903.003344727231,-106.11210981822387,2024-08-19 23:00:00,2024-08-19 14:00:00,9.0
2024-08-19 03:00:00,6009.115454545455,5862.18599474818,-146.92945979727483,2024-08-19 23:00:00,2024-08-19 14:00:00,9.0
2024-08-19 04:00:00,6009.115454545455,5841.66479535416,-167.45065919129502,2024-08-19 23:00:00,2024-08-19 14:00:00,9.0
2024-08-19 05:00:00,6009.115454545455,5827.531704917835,-181.5837496276199,2024-08-19 23:00:00,2024-08-19 14:00:00,9.0
2024-08-19 06:00:00,6009.115454545455,5845.4163180166515,-163.69913652880314,2024-08-19 23:00:00,2024-08-19 14:00:00,9.0
2024-08-19 07:00:00,6009.115454545455,5841.035172606226,-168.08028193922837,2024-08-19 23:00:00,2024-08-19 14:00:00,9.0
2024-08-19 08:00:00,6009.115454545455,5947.656077512122,-61.45937703333311,2024-08-19 23:00:00,2024-08-19 14:00:00,9.0
2024-08-19 09:00:00,6009.115454545455,5930.74055277132,-78.37490177413474,2024-08-19 23:00:00,2024-08-19 14:00:00,9.0
2024-08-19 10:00:00,6009.115454545455,5872.910210939558,-136.2052436058966,2024-08-19 23:00:00,2024-08-19 14:00:00,9.0
2024-08-19 11:00:00,6009.115454545455,5957.3297043064,-51.78575023905432,2024-08-19 23:00:00,2024-08-19 14:00:00,9.0
2024-08-19 12:00:00,6009.115454545455,5878.005945278323,-131.10950926713122,2024-08-19 23:00:00,2024-08-19 14:00:00,9.0
2024-08-19 13:00:00,6009.115454545455,5875.708338398564,-133.40711614689098,2024-08-19 23:00:00,2024-08-19 14:00:00,9.0
2024-08-19 14:00:00,6009.115454545455,5791.749196915376,-217.3662576300785,2024-08-19 23:00:00,2024-08-19 23:00:00,0.0
2024-08-19 15:00:00,6009.115454545455,5803.883882351869,-205.23157219358563,2024-08-19 23:00:00,2024-08-19 23:00:00,0.0
2024-08-19 16:00:00,6009.115454545455,5814.1627074672015,-194.9527470782532,2024-08-19 23:00:00,2024-08-19 23:00:00,0.0
2024-08-19 17:00:00,6009.115454545455,5694.984550903932,-314.1309036415223,2024-08-19 23:00:00,2024-08-19 23:00:00,0.0
2024-08-19 18:00:00,6009.115454545455,5602.880080213077,-406.23537433237743,2024-08-19 23:00:00,2024-08-19 23:00:00,0.0
2024-08-19 19:00:00,6009.115454545455,5654.261284493133,-354.85417005232193,2024-08-19 23:00:00,2024-08-19 23:00:00,0.0
2024-08-19 20:00:00,6009.115454545455,5730.704514969673,-278.4109395757814,2024-08-19 23:00:00,2024-08-19 23:00:00,0.0
2024-08-19 21:00:00,6009.115454545455,5780.782970073756,-228.332484471699,2024-08-19 23:00:00,2024-08-19 23:00:00,0.0
2024-08-19 22:00:00,6009.115454545455,5985.589476867062,-23.525977678392337,2024-08-19 23:00:00,2024-08-19 23:00:00,0.0
2024-08-19 23:00:00,5881.32,5785.733826969338,-95.58617303066148,2024-08-20 15:00:00,2024-08-20 15:00:00,0.0
2024-08-20 00:00:00,5881.32,5833.5256115193215,-47.79438848067821,2024-08-20 15:00:00,2024-08-20 15:00:00,0.0
2024-08-20 01:00:00,5881.32,5833.634285566468,-47.68571443353176,2024-08-20 15:00:00,2024-08-20 15:00:00,0.0
2024-08-20 02:00:00,5881.32,5802.7333840354495,-78.58661596455022,2024-08-20 15:00:00,2024-08-20 15:00:00,0.0
2024-08-20 03:00:00,5881.32,5801.2848462383,-80.0351537616998,2024-08-20 15:00:00,2024-08-20 15:00:00,0.0
2024-08-20 04:00:00,5881.32,5833.2759606635345,-48.044039336465175,2024-08-20 15:00:00,2024-08-20 15:00:00,0.0
2024-08-20 05:00:00,5881.32,5841.930443020948,-39.38955697905203,2024-08-20 15:00:00,2024-08-20 15:00:00,0.0
2024-08-20 06:00:00,5881.32,5825.051825193262,-56.26817480673799,2024-08-20 15:00:00,2024-08-20 15:00:00,0.0
2024-08-20 07:00:00,5881.32,5764.8044283975105,-116.51557160248922,2024-08-20 15:00:00,2024-08-20 15:00:00,0.0
2024-08-20 08:00:00,5881.32,5744.14327429321,-137.1767257067895,2024-08-20 15:00:00,2024-08-20 15:00:00,0.0
2024-08-20 09:00:00,5881.32,5717.913991981456,-163.40600801854362,2024-08-20 15:00:00,2024-08-20 15:00:00,0.0
2024-08-20 10:00:00,5881.32,5726.181086770003,-155.13891322999643,2024-08-20 15:00:00,2024-08-20 15:00:00,0.0
2024-08-20 11:00:00,5881.32,5710.421312738657,-170.89868726134227,2024-08-20 15:00:00,2024-08-20 15:00:00,0.0
2024-08-20 12:00:00,5881.32,5793.0502662463605,-88.26973375363923,2024-08-20 15:00:00,2024-08-20 15:00:00,0.0
2024-08-20 13:00:00,5881.32,5773.173193440739,-108.14680655926077,2024-08-20 15:00:00,2024-08-20 15:00:00,0.0
2024-08-20 14:00:00,6240.05,5827.622952278981,-412.42704772101933,2024-08-21 14:00:00,2024-08-20 15:00:00,23.0
2024-08-20 15:00:00,6459.829166666666,5767.189763275607,-692.6394033910592,2024-08-21 15:00:00,2024-08-21 14:00:00,1.0
2024-08-20 16:00:00,6459.829166666666,5763.178147121365,-696.6510195453011,2024-08-21 15:00:00,2024-08-21 14:00:00,1.0
2024-08-20 17:00:00,6459.829166666666,5737.570198519678,-722.2589681469881,2024-08-21 15:00:00,2024-08-21 14:00:00,1.0
2024-08-20 18:00:00,6459.829166666666,5737.656576584235,-722.1725900824313,2024-08-21 15:00:00,2024-08-21 14:00:00,1.0
2024-08-20 19:00:00,6459.829166666666,5748.118089369324,-711.7110772973429,2024-08-21 15:00:00,2024-08-21 14:00:00,1.0
2024-08-20 20:00:00,6459.829166666666,5744.380436997435,-715.4487296692314,2024-08-21 15:00:00,2024-08-21 14:00:00,1.0
2024-08-20 21:00:00,6459.829166666666,5740.821978287622,-719.0071883790442,2024-08-21 15:00:00,2024-08-21 14:00:00,1.0
2024-08-20 22:00:00,6459.829166666666,5875.491976418193,-584.3371902484732,2024-08-21 15:00:00,2024-08-21 22:00:00,7.0
2024-08-22 23:00:00,6048.301666666666,5942.221468427466,-106.0801982392004,2024-08-23 00:00:00,2024-08-23 23:00:00,23.0
2024-08-23 00:00:00,5796.178333333333,5999.9497398798785,203.77140654654522,2024-08-23 15:00:00,2024-08-23 23:00:00,8.0
2024-08-23 01:00:00,5796.178333333333,6044.309603092712,248.13126975937848,2024-08-23 15:00:00,2024-08-23 23:00:00,8.0
2024-08-23 02:00:00,5796.178333333333,6026.127846795099,229.9495134617655,2024-08-23 15:00:00,2024-08-23 23:00:00,8.0
2024-08-23 03:00:00,5796.178333333333,5970.58380988933,174.40547655599676,2024-08-23 15:00:00,2024-08-23 23:00:00,8.0
2024-08-23 04:00:00,5796.178333333333,5941.309159751586,145.13082641825258,2024-08-23 15:00:00,2024-08-23 23:00:00,8.0
2024-08-23 05:00:00,5796.178333333333,5911.41848818764,115.24015485430664,2024-08-23 15:00:00,2024-08-23 15:00:00,0.0
2024-08-23 06:00:00,5796.178333333333,5923.299094986827,127.1207616534939,2024-08-23 15:00:00,2024-08-23 15:00:00,0.0
2024-08-23 07:00:00,5796.178333333333,5892.774714446274,96.59638111294043,2024-08-23 15:00:00,2024-08-23 16:00:00,1.0
2024-08-23 08:00:00,5796.178333333333,5853.384379906366,57.206046573032836,2024-08-23 15:00:00,2024-08-23 16:00:00,1.0
2024-08-23 09:00:00,5796.178333333333,5977.730499110679,181.5521657773461,2024-08-23 15:00:00,2024-08-23 23:00:00,8.0
2024-08-23 10:00:00,5796.178333333333,6066.551756577123,270.37342324379006,2024-08-23 15:00:00,2024-08-23 23:00:00,8.0
2024-08-23 11:00:00,5796.178333333333,6048.562708694987,252.38437536165384,2024-08-23 15:00:00,2024-08-23 23:00:00,8.0
2024-08-23 12:00:00,5796.178333333333,6018.640095040071,222.4617617067379,2024-08-23 15:00:00,2024-08-23 23:00:00,8.0
2024-08-23 13:00:00,5796.178333333333,5933.033073251687,136.85473991835352,2024-08-23 15:00:00,2024-08-23 23:00:00,8.0
2024-08-23 14:00:00,5860.55,5992.745374127984,132.195374127984,2024-08-24 14:00:00,2024-08-23 23:00:00,15.0
2024-08-23 15:00:00,5969.554166666666,5895.059323952541,-74.4948427141253,2024-08-24 15:00:00,2024-08-23 23:00:00,16.0
2024-08-23 16:00:00,5969.554166666666,5839.569297532034,-129.98486913463148,2024-08-24 15:00:00,2024-08-23 23:00:00,16.0
2024-08-23 17:00:00,5969.554166666666,5840.39089495925,-129.16327170741624,2024-08-24 15:00:00,2024-08-23 23:00:00,16.0
2024-08-23 18:00:00,5969.554166666666,5810.539946426167,-159.01422024049862,2024-08-24 15:00:00,2024-08-23 23:00:00,16.0
2024-08-23 19:00:00,5969.554166666666,5823.1145852762065,-146.43958139045935,2024-08-24 15:00:00,2024-08-23 23:00:00,16.0
2024-08-23 20:00:00,5969.554166666666,5804.110362595515,-165.44380407115113,2024-08-24 15:00:00,2024-08-23 23:00:00,16.0
2024-08-23 21:00:00,5969.554166666666,5798.492620581762,-171.06154608490397,2024-08-24 15:00:00,2024-08-23 23:00:00,16.0
2024-08-25 23:00:00,5820.966666666667,5911.47224861234,90.50558194567293,2024-08-26 00:00:00,2024-08-26 15:00:00,15.0
2024-08-26 00:00:00,5727.860833333333,5917.249460060685,189.38862672735195,2024-08-26 14:00:00,2024-08-26 15:00:00,1.0
2024-08-26 01:00:00,5727.860833333333,5968.264287408599,240.40345407526547,2024-08-26 14:00:00,2024-08-26 15:00:00,1.0
2024-08-26 02:00:00,5727.860833333333,5962.046518561277,234.1856852279434,2024-08-26 14:00:00,2024-08-26 15:00:00,1.0
2024-08-26 03:00:00,5727.860833333333,5977.648092522112,249.787259188779,2024-08-26 14:00:00,2024-08-26 15:00:00,1.0
2024-08-26 04:00:00,5727.860833333333,5984.06488265258,256.20404931924713,2024-08-26 14:00:00,2024-08-26 15:00:00,1.0
2024-08-26 05:00:00,5727.860833333333,5993.538167307962,265.6773339746287,2024-08-26 14:00:00,2024-08-26 15:00:00,1.0
2024-08-26 06:00:00,5727.860833333333,5970.694483703745,242.83365037041222,2024-08-26 14:00:00,2024-08-26 15:00:00,1.0
2024-08-26 07:00:00,5727.860833333333,5990.418709772133,262.5578764388001,2024-08-26 14:00:00,2024-08-26 15:00:00,1.0
2024-08-26 08:00:00,5727.860833333333,5906.808015124829,178.9471817914955,2024-08-26 14:00:00,2024-08-26 15:00:00,1.0
2024-08-26 09:00:00,5727.860833333333,5889.9323477006565,162.0715143673233,2024-08-26 14:00:00,2024-08-26 15:00:00,1.0
2024-08-26 10:00:00,5727.860833333333,5858.76241322399,130.90157989065665,2024-08-26 14:00:00,2024-08-26 15:00:00,1.0
2024-08-26 11:00:00,5727.860833333333,5925.993641789637,198.1328084563038,2024-08-26 14:00:00,2024-08-26 15:00:00,1.0
2024-08-26 12:00:00,5727.860833333333,5987.025900833341,259.16506750000826,2024-08-26 14:00:00,2024-08-26 15:00:00,1.0
2024-08-26 13:00:00,5727.860833333333,5925.608521542217,197.74768820888403,2024-08-26 14:00:00,2024-08-26 15:00:00,1.0
2024-08-26 14:00:00,5883.7925,5983.733292039471,99.94079203947149,2024-08-27 14:00:00,2024-08-26 15:00:00,23.0
2024-08-26 15:00:00,6084.470833333333,5914.761363235998,-169.70947009733482,2024-08-27 15:00:00,2024-08-26 23:00:00,16.0
2024-08-26 16:00:00,6084.470833333333,5873.871777738568,-210.59905559476465,2024-08-27 15:00:00,2024-08-26 23:00:00,16.0
2024-08-26 17:00:00,6084.470833333333,5856.812056517744,-227.65877681558868,2024-08-27 15:00:00,2024-08-26 23:00:00,16.0
2024-08-26 18:00:00,6084.470833333333,5780.3200336231685,-304.1507997101644,2024-08-27 15:00:00,2024-08-26 23:00:00,16.0
2024-08-26 19:00:00,6084.470833333333,5883.843245394674,-200.6275879386585,2024-08-27 15:00:00,2024-08-26 23:00:00,16.0
2024-08-26 20:00:00,6084.470833333333,5918.771008687838,-165.69982464549503,2024-08-27 15:00:00,2024-08-26 23:00:00,16.0
2024-08-26 21:00:00,6084.470833333333,5907.583324566774,-176.88750876655922,2024-08-27 15:00:00,2024-08-26 23:00:00,16.0
2024-08-26 22:00:00,6084.470833333333,5947.716855694882,-136.75397763845103,2024-08-27 15:00:00,2024-08-26 23:00:00,16.0
2024-08-27 23:00:00,6083.453333333334,5780.572586363633,-302.88074696970125,2024-08-28 15:00:00,2024-08-28 15:00:00,0.0
2024-08-28 00:00:00,6083.453333333334,5845.045017444088,-238.4083158892454,2024-08-28 15:00:00,2024-08-28 15:00:00,0.0
2024-08-28 01:00:00,6083.453333333334,5820.7660847158695,-262.6872486174643,2024-08-28 15:00:00,2024-08-28 15:00:00,0.0
2024-08-28 02:00:00,6083.453333333334,5853.008230819563,-230.4451025137705,2024-08-28 15:00:00,2024-08-28 15:00:00,0.0
2024-08-28 03:00:00,6083.453333333334,5909.949556975599,-173.50377635773475,2024-08-28 15:00:00,2024-08-28 15:00:00,0.0
2024-08-28 04:00:00,6083.453333333334,5842.860347799065,-240.59298553426925,2024-08-28 15:00:00,2024-08-28 15:00:00,0.0
2024-08-28 05:00:00,6083.453333333334,5854.245373767027,-229.20795956630718,2024-08-28 15:00:00,2024-08-28 15:00:00,0.0
2024-08-28 06:00:00,6083.453333333334,5892.464812403257,-190.98852093007645,2024-08-28 15:00:00,2024-08-28 15:00:00,0.0
2024-08-28 07:00:00,6083.453333333334,5817.101296721561,-266.35203661177275,2024-08-28 15:00:00,2024-08-28 15:00:00,0.0
2024-08-28 08:00:00,6083.453333333334,5813.073420773724,-270.3799125596097,2024-08-28 15:00:00,2024-08-28 15:00:00,0.0
2024-08-28 09:00:00,6083.453333333334,5823.62425264833,-259.82908068500365,2024-08-28 15:00:00,2024-08-28 15:00:00,0.0
2024-08-28 10:00:00,6083.453333333334,5876.702501477642,-206.750831855692,2024-08-28 15:00:00,2024-08-28 15:00:00,0.0
2024-08-28 11:00:00,6083.453333333334,5881.685795732835,-201.76753760049905,2024-08-28 15:00:00,2024-08-28 15:00:00,0.0
2024-08-28 12:00:00,6083.453333333334,5870.854457675635,-212.59887565769895,2024-08-28 15:00:00,2024-08-28 15:00:00,0.0
2024-08-28 13:00:00,6083.453333333334,5902.037712897774,-181.4156204355595,2024-08-28 15:00:00,2024-08-28 15:00:00,0.0
2024-08-28 14:00:00,6083.453333333334,6021.678321438159,-61.77501189517443,2024-08-28 15:00:00,2024-08-28 15:00:00,0.0
2024-08-28 15:00:00,5904.614166666666,5945.977988779044,41.36382211237742,2024-08-28 16:00:00,2024-08-28 23:00:00,7.0
2024-08-28 16:00:00,5717.38,5904.770215742841,187.39021574284106,2024-08-28 23:00:00,2024-08-28 23:00:00,0.0
2024-08-28 17:00:00,5717.38,5873.068979697989,155.68897969798854,2024-08-28 23:00:00,2024-08-28 23:00:00,0.0
2024-08-28 18:00:00,5717.38,5852.443221924664,135.0632219246636,2024-08-28 23:00:00,2024-08-28 23:00:00,0.0
2024-08-28 19:00:00,5717.38,5853.298297862218,135.9182978622175,2024-08-28 23:00:00,2024-08-28 23:00:00,0.0
2024-08-28 20:00:00,5717.38,5789.519913483857,72.13991348385662,2024-08-28 23:00:00,2024-08-28 23:00:00,0.0
2024-08-28 21:00:00,5717.38,5801.118999134842,83.73899913484183,2024-08-28 23:00:00,2024-08-28 23:00:00,0.0
2024-08-28 22:00:00,5717.38,5843.005574253155,125.62557425315481,2024-08-28 23:00:00,2024-08-28 23:00:00,0.0
2024-08-31 23:00:00,5315.2425,4720.858520725052,-594.3839792749486,2024-09-01 10:00:00,2024-09-01 10:00:00,0.0
2024-09-01 00:00:00,5315.2425,4761.188697315806,-554.0538026841941,2024-09-01 10:00:00,2024-09-01 10:00:00,0.0
2024-09-01 01:00:00,5315.2425,4783.748330401538,-531.4941695984626,2024-09-01 10:00:00,2024-09-01 10:00:00,0.0
2024-09-01 02:00:00,5315.2425,4735.240308508025,-580.0021914919753,2024-09-01 10:00:00,2024-09-01 10:00:00,0.0
2024-09-01 03:00:00,5315.2425,4704.952262733833,-610.2902372661674,2024-09-01 10:00:00,2024-09-01 10:00:00,0.0
2024-09-01 04:00:00,5315.2425,4613.717631681716,-701.5248683182845,2024-09-01 10:00:00,2024-09-01 10:00:00,0.0
2024-09-01 05:00:00,5315.2425,4662.122953499528,-653.1195465004721,2024-09-01 10:00:00,2024-09-01 10:00:00,0.0
2024-09-01 06:00:00,5315.2425,4726.417629324423,-588.8248706755776,2024-09-01 10:00:00,2024-09-01 10:00:00,0.0
2024-09-01 07:00:00,5315.2425,4772.404060325193,-542.838439674807,2024-09-01 10:00:00,2024-09-01 11:00:00,1.0
2024-09-01 08:00:00,5315.2425,4575.859798517028,-739.3827014829722,2024-09-01 10:00:00,2024-09-01 10:00:00,0.0
2024-09-01 09:00:00,5315.2425,4621.127225978515,-694.1152740214857,2024-09-01 10:00:00,2024-09-01 10:00:00,0.0
2024-09-01 10:00:00,5248.029166666666,4524.539059540044,-723.4901071266222,2024-09-01 11:00:00,2024-09-01 11:00:00,0.0
2024-09-01 11:00:00,5059.7074999999995,4206.578375479325,-853.1291245206748,2024-09-01 12:00:00,2024-09-02 10:00:00,22.0
2024-09-01 12:00:00,4792.5633333333335,4203.680179189346,-588.8831541439877,2024-09-02 10:00:00,2024-09-02 10:00:00,0.0
2024-09-01 13:00:00,4792.5633333333335,4087.7856098875222,-704.7777234458113,2024-09-02 10:00:00,2024-09-02 10:00:00,0.0
2024-09-01 14:00:00,4792.5633333333335,4206.139768270131,-586.4235650632027,2024-09-02 10:00:00,2024-09-02 10:00:00,0.0
2024-09-01 15:00:00,4792.5633333333335,4125.789583154726,-666.7737501786078,2024-09-02 10:00:00,2024-09-02 10:00:00,0.0
2024-09-01 16:00:00,4792.5633333333335,4066.975514406703,-725.5878189266305,2024-09-02 10:00:00,2024-09-02 10:00:00,0.0
2024-09-01 17:00:00,4792.5633333333335,4124.617906907075,-667.9454264262586,2024-09-02 10:00:00,2024-09-02 10:00:00,0.0
2024-09-01 18:00:00,4792.5633333333335,4155.901334291838,-636.6619990414956,2024-09-02 10:00:00,2024-09-02 10:00:00,0.0
2024-09-01 19:00:00,4792.5633333333335,4200.701300486918,-591.8620328464158,2024-09-02 10:00:00,2024-09-02 10:00:00,0.0
2024-09-01 20:00:00,4792.5633333333335,4127.164730001814,-665.3986033315196,2024-09-02 10:00:00,2024-09-02 10:00:00,0.0
2024-09-01 21:00:00,4792.5633333333335,4120.965006058163,-671.59832727517,2024-09-02 10:00:00,2024-09-02 10:00:00,0.0
2024-09-01 22:00:00,4792.5633333333335,4115.070555153703,-677.4927781796305,2024-09-02 10:00:00,2024-09-02 10:00:00,0.0
2024-09-05 23:00:00,7035.158181818182,5947.39118822647,-1087.766993591712,2024-09-06 23:00:00,2024-09-06 22:00:00,1.0
2024-09-06 00:00:00,7035.158181818182,6034.886796763989,-1000.2713850541932,2024-09-06 23:00:00,2024-09-06 22:00:00,1.0
2024-09-06 01:00:00,7035.158181818182,6033.344829065331,-1001.8133527528507,2024-09-06 23:00:00,2024-09-06 22:00:00,1.0
2024-09-06 02:00:00,7035.158181818182,6049.225560355542,-985.9326214626399,2024-09-06 23:00:00,2024-09-06 22:00:00,1.0
2024-09-06 03:00:00,7035.158181818182,6059.284260617851,-975.8739212003311,2024-09-06 23:00:00,2024-09-06 22:00:00,1.0
2024-09-06 04:00:00,7035.158181818182,6061.7765010531175,-973.3816807650646,2024-09-06 23:00:00,2024-09-06 23:00:00,0.0
2024-09-06 05:00:00,7035.158181818182,6035.288347599433,-999.869834218749,2024-09-06 23:00:00,2024-09-06 23:00:00,0.0
2024-09-06 06:00:00,7035.158181818182,5974.744904632076,-1060.413277186106,2024-09-06 23:00:00,2024-09-06 23:00:00,0.0
2024-09-06 07:00:00,7035.158181818182,5977.652166339607,-1057.5060154785751,2024-09-06 23:00:00,2024-09-06 23:00:00,0.0
2024-09-06 08:00:00,7035.158181818182,5862.591502768711,-1172.5666790494715,2024-09-06 23:00:00,2024-09-06 23:00:00,0.0
2024-09-06 09:00:00,7035.158181818182,5908.556334974342,-1126.6018468438406,2024-09-06 23:00:00,2024-09-06 22:00:00,1.0
2024-09-06 10:00:00,7035.158181818182,5995.285793358915,-1039.8723884592673,2024-09-06 23:00:00,2024-09-06 23:00:00,0.0
2024-09-06 11:00:00,7035.158181818182,6036.02097706604,-999.1372047521418,2024-09-06 23:00:00,2024-09-06 23:00:00,0.0
2024-09-06 12:00:00,7035.158181818182,6068.77013697273,-966.388044845452,2024-09-06 23:00:00,2024-09-06 23:00:00,0.0
2024-09-06 13:00:00,7035.158181818182,6086.417749100301,-948.740432717881,2024-09-06 23:00:00,2024-09-06 23:00:00,0.0
2024-09-06 14:00:00,7035.158181818182,6064.756819799921,-970.4013620182614,2024-09-06 23:00:00,2024-09-06 23:00:00,0.0
2024-09-06 15:00:00,7035.158181818182,6044.865178656822,-990.2930031613605,2024-09-06 23:00:00,2024-09-06 23:00:00,0.0
2024-09-06 16:00:00,7035.158181818182,6049.915183277006,-985.2429985411763,2024-09-06 23:00:00,2024-09-06 23:00:00,0.0
2024-09-06 17:00:00,7035.158181818182,6043.177079721087,-991.9811020970956,2024-09-06 23:00:00,2024-09-06 23:00:00,0.0
2024-09-06 18:00:00,7035.158181818182,6018.0227807243455,-1017.1354010938367,2024-09-06 23:00:00,2024-09-06 23:00:00,0.0
2024-09-06 19:00:00,7035.158181818182,5991.9602744087015,-1043.1979074094806,2024-09-06 23:00:00,2024-09-06 23:00:00,0.0
2024-09-06 20:00:00,7035.158181818182,6006.496693000703,-1028.661488817479,2024-09-06 23:00:00,2024-09-06 23:00:00,0.0
2024-09-06 21:00:00,7035.158181818182,6028.131895004915,-1007.0262868132668,2024-09-06 23:00:00,2024-09-06 23:00:00,0.0
2024-09-06 22:00:00,7035.158181818182,6030.275461531485,-1004.8827202866969,2024-09-06 23:00:00,2024-09-06 23:00:00,0.0
2024-09-06 23:00:00,5946.59125,6046.498190569047,99.90694056904704,2024-09-07 23:00:00,2024-09-07 23:00:00,0.0
2024-09-07 00:00:00,5946.59125,6069.59061435594,122.99936435593918,2024-09-07 23:00:00,2024-09-07 23:00:00,0.0
2024-09-07 01:00:00,5946.59125,6083.221766477081,136.63051647708016,2024-09-07 23:00:00,2024-09-07 23:00:00,0.0
2024-09-07 02:00:00,5946.59125,6058.3961593765225,111.80490937652212,2024-09-07 23:00:00,2024-09-07 23:00:00,0.0
2024-09-07 03:00:00,5946.59125,6030.449562613011,83.85831261301064,2024-09-07 23:00:00,2024-09-07 23:00:00,0.0
2024-09-07 04:00:00,5946.59125,5947.41945231914,0.8282023191395638,2024-09-07 23:00:00,2024-09-07 23:00:00,0.0
2024-09-07 05:00:00,5946.59125,5939.8677761937515,-6.723473806248876,2024-09-07 23:00:00,2024-09-07 23:00:00,0.0
2024-09-07 06:00:00,5946.59125,5947.939079650787,1.3478296507864798,2024-09-07 23:00:00,2024-09-07 23:00:00,0.0
2024-09-07 07:00:00,5946.59125,5937.370762712639,-9.22048728736172,2024-09-07 23:00:00,2024-09-07 23:00:00,0.0
2024-09-07 08:00:00,5946.59125,5978.944747146799,32.35349714679887,2024-09-07 23:00:00,2024-09-07 23:00:00,0.0
2024-09-07 09:00:00,5946.59125,6103.469997937342,156.87874793734136,2024-09-07 23:00:00,2024-09-07 23:00:00,0.0
2024-09-07 10:00:00,5946.59125,6242.902840660842,296.31159066084183,2024-09-07 23:00:00,2024-09-07 23:00:00,0.0
2024-09-07 11:00:00,5946.59125,6131.897515077328,185.30626507732723,2024-09-07 23:00:00,2024-09-07 23:00:00,0.0
2024-09-07 12:00:00,5946.59125,6129.851063394044,183.2598133940437,2024-09-07 23:00:00,2024-09-07 23:00:00,0.0
2024-09-07 13:00:00,5946.59125,6017.221172259837,70.62992225983635,2024-09-07 23:00:00,2024-09-07 23:00:00,0.0
2024-09-07 14:00:00,6291.8175,6068.32724575786,-223.4902542421405,2024-09-08 14:00:00,2024-09-07 23:00:00,15.0
2024-09-07 15:00:00,6407.888333333333,6091.715263270561,-316.17307006277224,2024-09-08 15:00:00,2024-09-07 23:00:00,16.0
2024-09-07 16:00:00,6407.888333333333,6068.792346652339,-339.09598668099443,2024-09-08 15:00:00,2024-09-07 23:00:00,16.0
2024-09-07 17:00:00,6407.888333333333,6067.873068267059,-340.01526506627397,2024-09-08 15:00:00,2024-09-07 23:00:00,16.0
2024-09-07 18:00:00,6407.888333333333,6067.5642434370575,-340.32408989627584,2024-09-08 15:00:00,2024-09-07 23:00:00,16.0
2024-09-07 19:00:00,6407.888333333333,6077.012200135328,-330.87613319800494,2024-09-08 15:00:00,2024-09-07 23:00:00,16.0
2024-09-07 20:00:00,6407.888333333333,6061.4603044486985,-346.42802888463484,2024-09-08 15:00:00,2024-09-07 23:00:00,16.0
2024-09-07 21:00:00,6407.888333333333,6097.720818285807,-310.16751504752665,2024-09-08 15:00:00,2024-09-07 23:00:00,16.0
2024-09-07 22:00:00,6407.888333333333,6176.336161384875,-231.55217194845864,2024-09-08 15:00:00,2024-09-07 23:00:00,16.0
2024-09-07 23:00:00,6407.888333333333,5807.643666217389,-600.2446671159441,2024-09-08 15:00:00,2024-09-08 23:00:00,8.0
2024-09-08 00:00:00,6407.888333333333,5825.8439446384145,-582.0443886949188,2024-09-08 15:00:00,2024-09-08 23:00:00,8.0
2024-09-08 01:00:00,6407.888333333333,5800.0167628314875,-607.8715705018458,2024-09-08 15:00:00,2024-09-08 23:00:00,8.0
2024-09-08 02:00:00,6407.888333333333,5752.304851710735,-655.5834816225979,2024-09-08 15:00:00,2024-09-08 23:00:00,8.0
2024-09-08 03:00:00,6407.888333333333,5795.496539916506,-612.3917934168276,2024-09-08 15:00:00,2024-09-08 23:00:00,8.0
2024-09-08 04:00:00,6407.888333333333,5850.125585638184,-557.7627476951493,2024-09-08 15:00:00,2024-09-08 23:00:00,8.0
2024-09-08 05:00:00,6407.888333333333,5899.903023077711,-507.9853102556226,2024-09-08 15:00:00,2024-09-08 23:00:00,8.0
2024-09-08 06:00:00,6407.888333333333,6057.5666366823825,-350.3216966509508,2024-09-08 15:00:00,2024-09-08 23:00:00,8.0
2024-09-08 07:00:00,6407.888333333333,6040.195804779918,-367.6925285534153,2024-09-08 15:00:00,2024-09-08 23:00:00,8.0
2024-09-08 08:00:00,6407.888333333333,5924.104612258834,-483.7837210744992,2024-09-08 15:00:00,2024-09-08 23:00:00,8.0
2024-09-08 09:00:00,6407.888333333333,6006.931611360525,-400.95672197280874,2024-09-08 15:00:00,2024-09-08 23:00:00,8.0
2024-09-08 10:00:00,6407.888333333333,6117.975958308771,-289.9123750245626,2024-09-08 15:00:00,2024-09-08 23:00:00,8.0
2024-09-08 11:00:00,6407.888333333333,6111.623705287217,-296.26462804611674,2024-09-08 15:00:00,2024-09-08 23:00:00,8.0
2024-09-08 12:00:00,6407.888333333333,6118.5377584620965,-289.35057487123686,2024-09-08 15:00:00,2024-09-08 23:00:00,8.0
2024-09-08 13:00:00,6407.888333333333,6117.567338413514,-290.320994919819,2024-09-08 15:00:00,2024-09-08 23:00:00,8.0
2024-09-08 14:00:00,6407.888333333333,6044.252690177986,-363.6356431553477,2024-09-08 15:00:00,2024-09-08 23:00:00,8.0
2024-09-08 15:00:00,6109.191666666667,6004.258694769413,-104.93297189725399,2024-09-08 16:00:00,2024-09-08 23:00:00,7.0
2024-09-08 16:00:00,5825.639166666667,5976.731314269316,151.09214760264877,2024-09-08 17:00:00,2024-09-08 23:00:00,6.0
2024-09-08 17:00:00,5825.627272727273,5994.178204359328,168.55093163205584,2024-09-08 23:00:00,2024-09-08 23:00:00,0.0
2024-09-08 18:00:00,5825.627272727273,5962.2009008502555,136.57362812298288,2024-09-08 23:00:00,2024-09-08 23:00:00,0.0
2024-09-08 19:00:00,5825.627272727273,5956.639215727797,131.0119430005243,2024-09-08 23:00:00,2024-09-08 23:00:00,0.0
2024-09-08 20:00:00,5825.627272727273,5913.113028357409,87.48575563013674,2024-09-08 23:00:00,2024-09-08 23:00:00,0.0
2024-09-08 21:00:00,5825.627272727273,5941.738800159951,116.11152743267849,2024-09-08 23:00:00,2024-09-08 23:00:00,0.0
2024-09-08 22:00:00,5825.627272727273,5872.822388559871,47.195115832598276,2024-09-08 23:00:00,2024-09-08 23:00:00,0.0
2024-09-08 23:00:00,5692.205000000001,5351.996451044342,-340.20854895565844,2024-09-09 15:00:00,2024-09-09 22:00:00,7.0
2024-09-09 00:00:00,5692.205000000001,5198.773777764129,-493.43122223587216,2024-09-09 15:00:00,2024-09-09 15:00:00,0.0
2024-09-09 01:00:00,5692.205000000001,5318.623480807393,-373.58151919260763,2024-09-09 15:00:00,2024-09-09 15:00:00,0.0
2024-09-09 02:00:00,5692.205000000001,5344.9936313079525,-347.2113686920484,2024-09-09 15:00:00,2024-09-09 15:00:00,0.0
2024-09-09 03:00:00,5692.205000000001,5307.323302665008,-384.8816973349931,2024-09-09 15:00:00,2024-09-09 15:00:00,0.0
2024-09-09 04:00:00,5692.205000000001,5260.344344654435,-431.86065534556565,2024-09-09 15:00:00,2024-09-09 15:00:00,0.0
2024-09-09 05:00:00,5692.205000000001,5368.442453497381,-323.76254650261944,2024-09-09 15:00:00,2024-09-09 15:00:00,0.0
2024-09-09 06:00:00,5692.205000000001,5417.25979132439,-274.94520867561096,2024-09-09 15:00:00,2024-09-09 15:00:00,0.0
2024-09-09 07:00:00,5692.205000000001,5317.800964349232,-374.4040356507685,2024-09-09 15:00:00,2024-09-09 15:00:00,0.0
2024-09-09 08:00:00,5692.205000000001,5353.915522962529,-338.28947703747144,2024-09-09 15:00:00,2024-09-09 15:00:00,0.0
2024-09-09 09:00:00,5692.205000000001,5207.996165540514,-484.20883445948675,2024-09-09 15:00:00,2024-09-09 15:00:00,0.0
2024-09-09 10:00:00,5692.205000000001,5356.976102819732,-335.2288971802691,2024-09-09 15:00:00,2024-09-09 15:00:00,0.0
2024-09-09 11:00:00,5692.205000000001,5449.652089495979,-242.55291050402138,2024-09-09 15:00:00,2024-09-09 15:00:00,0.0
2024-09-09 12:00:00,5692.205000000001,5445.526755966516,-246.6782440334846,2024-09-09 15:00:00,2024-09-09 15:00:00,0.0
2024-09-09 13:00:00,5692.205000000001,5472.330340822018,-219.87465917798272,2024-09-09 15:00:00,2024-09-09 15:00:00,0.0
2024-09-09 14:00:00,5692.205000000001,5541.229443233139,-150.9755567668617,2024-09-09 15:00:00,2024-09-09 15:00:00,0.0
2024-09-09 15:00:00,5551.803333333333,5498.646080422813,-53.15725291052058,2024-09-09 16:00:00,2024-09-09 16:00:00,0.0
2024-09-09 16:00:00,5485.845833333333,5463.215615892819,-22.63021744051366,2024-09-09 17:00:00,2024-09-09 22:00:00,5.0
2024-09-09 17:00:00,5467.257,5540.797372668349,73.54037266834985,2024-09-09 23:00:00,2024-09-09 23:00:00,0.0
2024-09-09 18:00:00,5467.257,5536.8452397304445,69.58823973044491,2024-09-09 23:00:00,2024-09-09 22:00:00,1.0
2024-09-09 19:00:00,5467.257,5532.897840841726,65.64084084172646,2024-09-09 23:00:00,2024-09-09 22:00:00,1.0
2024-09-09 20:00:00,5467.257,5394.653324539528,-72.603675460472,2024-09-09 23:00:00,2024-09-09 22:00:00,1.0
2024-09-09 21:00:00,5467.257,5352.529516142031,-114.72748385796876,2024-09-09 23:00:00,2024-09-09 22:00:00,1.0
2024-09-09 22:00:00,5467.257,5389.39674907568,-77.86025092431919,2024-09-09 23:00:00,2024-09-09 23:00:00,0.0
2024-09-11 23:00:00,4040.0266666666666,3655.780067138942,-384.2465995277248,2024-09-12 10:00:00,2024-09-12 10:00:00,0.0
2024-09-12 00:00:00,4040.0266666666666,4361.248738148091,321.2220714814248,2024-09-12 10:00:00,2024-09-13 00:00:00,14.0
2024-09-12 01:00:00,4040.0266666666666,4342.959216323491,302.93254965682445,2024-09-12 10:00:00,2024-09-13 00:00:00,14.0
2024-09-12 02:00:00,4040.0266666666666,4400.519861340383,360.49319467371606,2024-09-12 10:00:00,2024-09-13 00:00:00,14.0
2024-09-12 03:00:00,4040.0266666666666,4426.63316330026,386.60649663359345,2024-09-12 10:00:00,2024-09-13 00:00:00,14.0
2024-09-12 04:00:00,4040.0266666666666,4214.3917567680455,174.36509010137888,2024-09-12 10:00:00,2024-09-13 00:00:00,14.0
2024-09-12 05:00:00,4040.0266666666666,4194.486242383917,154.45957571725012,2024-09-12 10:00:00,2024-09-13 00:00:00,14.0
2024-09-12 06:00:00,4040.0266666666666,4317.794898933841,277.7682322671744,2024-09-12 10:00:00,2024-09-13 00:00:00,14.0
2024-09-12 07:00:00,4040.0266666666666,4294.471912820821,254.44524615415412,2024-09-12 10:00:00,2024-09-13 00:00:00,14.0
2024-09-12 08:00:00,4040.0266666666666,4297.097867578161,257.0712009114941,2024-09-12 10:00:00,2024-09-13 00:00:00,14.0
2024-09-12 09:00:00,4282.641666666666,4414.809503287183,132.16783662051694,2024-09-13 09:00:00,2024-09-13 00:00:00,9.0
2024-09-12 10:00:00,4676.895833333333,4507.384987912482,-169.51084542085118,2024-09-13 10:00:00,2024-09-13 10:00:00,0.0
2024-09-12 11:00:00,4809.560833333333,4639.8690076731455,-169.69182566018753,2024-09-13 11:00:00,2024-09-13 11:00:00,0.0
2024-09-12 12:00:00,4848.815833333333,4810.660767502487,-38.15506583084607,2024-09-13 12:00:00,2024-09-13 12:00:00,0.0
2024-09-12 13:00:00,4848.815833333333,4832.453644126375,-16.362189206957737,2024-09-13 12:00:00,2024-09-13 12:00:00,0.0
2024-09-12 14:00:00,4848.815833333333,4868.813553562168,19.997720228834623,2024-09-13 12:00:00,2024-09-13 12:00:00,0.0
2024-09-12 15:00:00,4848.815833333333,4947.664705553202,98.84887221986901,2024-09-13 12:00:00,2024-09-13 12:00:00,0.0
2024-09-12 16:00:00,4848.815833333333,4885.3070931306065,36.491259797273415,2024-09-13 12:00:00,2024-09-13 12:00:00,0.0
2024-09-12 17:00:00,4848.815833333333,4901.077736254668,52.261902921334695,2024-09-13 12:00:00,2024-09-13 12:00:00,0.0
2024-09-12 18:00:00,4848.815833333333,5011.272547670472,162.4567143371387,2024-09-13 12:00:00,2024-09-13 12:00:00,0.0
2024-09-12 19:00:00,4848.815833333333,5081.4197142962,232.60388096286715,2024-09-13 12:00:00,2024-09-13 12:00:00,0.0
2024-09-12 20:00:00,4848.815833333333,5035.774903690076,186.9590703567428,2024-09-13 12:00:00,2024-09-13 12:00:00,0.0
2024-09-12 21:00:00,4848.815833333333,5020.219921294756,171.4040879614231,2024-09-13 12:00:00,2024-09-13 12:00:00,0.0
2024-09-12 22:00:00,4848.815833333333,5013.14813651877,164.332303185437,2024-09-13 12:00:00,2024-09-13 12:00:00,0.0
2024-09-22 23:00:00,6361.653333333333,5895.71245171617,-465.94088161716263,2024-09-23 15:00:00,2024-09-23 14:00:00,1.0
2024-09-23 00:00:00,6361.653333333333,5922.045530525447,-439.6078028078855,2024-09-23 15:00:00,2024-09-23 14:00:00,1.0
2024-09-23 01:00:00,6361.653333333333,5879.0147472875915,-482.63858604574125,2024-09-23 15:00:00,2024-09-23 14:00:00,1.0
2024-09-23 02:00:00,6361.653333333333,5943.49835334968,-418.154979983653,2024-09-23 15:00:00,2024-09-23 15:00:00,0.0
2024-09-23 03:00:00,6361.653333333333,5967.354287733802,-394.2990455995305,2024-09-23 15:00:00,2024-09-23 15:00:00,0.0
2024-09-23 04:00:00,6361.653333333333,5935.760178093598,-425.89315523973437,2024-09-23 15:00:00,2024-09-23 15:00:00,0.0
2024-09-23 05:00:00,6361.653333333333,5981.425835343825,-380.22749798950736,2024-09-23 15:00:00,2024-09-23 15:00:00,0.0
2024-09-23 06:00:00,6361.653333333333,5921.210582199891,-440.44275113344156,2024-09-23 15:00:00,2024-09-23 15:00:00,0.0
2024-09-23 07:00:00,6361.653333333333,5920.42611423876,-441.2272190945723,2024-09-23 15:00:00,2024-09-23 15:00:00,0.0
2024-09-23 08:00:00,6361.653333333333,5932.646133273794,-429.0072000595392,2024-09-23 15:00:00,2024-09-23 15:00:00,0.0
2024-09-23 09:00:00,6361.653333333333,5982.581469398349,-379.0718639349834,2024-09-23 15:00:00,2024-09-23 15:00:00,0.0
2024-09-23 10:00:00,6361.653333333333,6061.4759815263915,-300.17735180694126,2024-09-23 15:00:00,2024-09-23 15:00:00,0.0
2024-09-23 11:00:00,6361.653333333333,6044.567978093936,-317.08535523939645,2024-09-23 15:00:00,2024-09-23 15:00:00,0.0
2024-09-23 12:00:00,6361.653333333333,6038.802224275981,-322.851109057352,2024-09-23 15:00:00,2024-09-23 15:00:00,0.0
2024-09-23 13:00:00,6361.653333333333,6024.067984370623,-337.58534896270976,2024-09-23 15:00:00,2024-09-23 15:00:00,0.0
2024-09-23 14:00:00,6361.653333333333,6045.8707766201915,-315.7825567131413,2024-09-23 15:00:00,2024-09-23 15:00:00,0.0
2024-09-23 15:00:00,6690.535,5997.165834798051,-693.3691652019488,2024-09-24 15:00:00,2024-09-23 23:00:00,16.0
2024-09-23 16:00:00,6690.535,6027.376990566164,-663.158009433836,2024-09-24 15:00:00,2024-09-23 23:00:00,16.0
2024-09-23 17:00:00,6690.535,6071.652348137138,-618.8826518628621,2024-09-24 15:00:00,2024-09-23 23:00:00,16.0
2024-09-23 18:00:00,6690.535,6052.808081246051,-637.7269187539487,2024-09-24 15:00:00,2024-09-23 23:00:00,16.0
2024-09-23 19:00:00,6690.535,6081.555836090124,-608.9791639098758,2024-09-24 15:00:00,2024-09-23 22:00:00,17.0
2024-09-23 20:00:00,6690.535,6110.367718755679,-580.1672812443212,2024-09-24 15:00:00,2024-09-23 23:00:00,16.0
2024-09-23 21:00:00,6690.535,6122.142628685708,-568.3923713142922,2024-09-24 15:00:00,2024-09-23 23:00:00,16.0
2024-09-23 22:00:00,6690.535,6402.526383119852,-288.0086168801481,2024-09-24 15:00:00,2024-09-24 22:00:00,7.0
2024-10-01 23:00:00,4552.409166666667,4273.540170470109,-278.8689961965583,2024-10-02 10:00:00,2024-10-02 09:00:00,1.0
2024-10-02 00:00:00,4552.409166666667,4214.818356403337,-337.59081026333024,2024-10-02 10:00:00,2024-10-02 09:00:00,1.0
2024-10-02 01:00:00,4552.409166666667,4252.374581272216,-300.0345853944509,2024-10-02 10:00:00,2024-10-02 10:00:00,0.0
2024-10-02 02:00:00,4552.409166666667,4196.990052530028,-355.4191141366391,2024-10-02 10:00:00,2024-10-02 10:00:00,0.0
2024-10-02 03:00:00,4552.409166666667,4207.903669650024,-344.50549701664295,2024-10-02 10:00:00,2024-10-02 10:00:00,0.0
2024-10-02 04:00:00,4552.409166666667,4210.866220684292,-341.5429459823754,2024-10-02 10:00:00,2024-10-02 10:00:00,0.0
2024-10-02 05:00:00,4552.409166666667,4203.325665671431,-349.08350099523614,2024-10-02 10:00:00,2024-10-02 10:00:00,0.0
2024-10-02 06:00:00,4552.409166666667,4159.77352434435,-392.6356423223169,2024-10-02 10:00:00,2024-10-02 10:00:00,0.0
2024-10-02 07:00:00,4552.409166666667,4312.23776719267,-240.17139947399755,2024-10-02 10:00:00,2024-10-02 10:00:00,0.0
2024-10-02 08:00:00,4552.409166666667,4335.905276566181,-216.5038901004864,2024-10-02 10:00:00,2024-10-02 10:00:00,0.0
2024-10-02 09:00:00,4552.409166666667,4337.34551329699,-215.063653369677,2024-10-02 10:00:00,2024-10-02 10:00:00,0.0
2024-10-02 10:00:00,4333.431666666666,4136.246912567922,-197.18475409874463,2024-10-02 11:00:00,2024-10-02 11:00:00,0.0
2024-10-02 11:00:00,4042.845,3976.2129678687584,-66.63203213124143,2024-10-02 12:00:00,2024-10-02 12:00:00,0.0
2024-10-02 12:00:00,3728.138333333334,3689.6357888371117,-38.50254449622207,2024-10-03 10:00:00,2024-10-03 10:00:00,0.0
2024-10-02 13:00:00,3728.138333333334,3650.5268730903576,-77.61146024297614,2024-10-03 10:00:00,2024-10-03 10:00:00,0.0
2024-10-02 14:00:00,3728.138333333334,3629.032915933379,-99.1054173999546,2024-10-03 10:00:00,2024-10-03 10:00:00,0.0
2024-10-02 15:00:00,3728.138333333334,3554.97717162475,-173.16116170858368,2024-10-03 10:00:00,2024-10-03 10:00:00,0.0
2024-10-02 16:00:00,3728.138333333334,3589.746668836593,-138.39166449674076,2024-10-03 10:00:00,2024-10-03 10:00:00,0.0
2024-10-02 17:00:00,3728.138333333334,3678.860920856478,-49.277412476855716,2024-10-03 10:00:00,2024-10-03 10:00:00,0.0
2024-10-02 18:00:00,3728.138333333334,3771.7934776771176,43.65514434378383,2024-10-03 10:00:00,2024-10-03 10:00:00,0.0
2024-10-02 19:00:00,3728.138333333334,3797.2756940651757,69.13736073184191,2024-10-03 10:00:00,2024-10-03 10:00:00,0.0
2024-10-02 20:00:00,3728.138333333334,3687.2988169169835,-40.83951641635031,2024-10-03 10:00:00,2024-10-03 10:00:00,0.0
2024-10-02 21:00:00,3728.138333333334,3602.441833724085,-125.6964996092488,2024-10-03 10:00:00,2024-10-03 10:00:00,0.0
2024-10-02 22:00:00,3728.138333333334,3580.1385159246256,-147.99981740870817,2024-10-03 10:00:00,2024-10-03 10:00:00,0.0
2024-10-04 23:00:00,6452.5975,5260.374068203936,-1192.2234317960638,2024-10-05 15:00:00,2024-10-05 00:00:00,15.0
2024-10-05 00:00:00,6959.435833333333,5861.099504383277,-1098.3363289500558,2024-10-06 00:00:00,2024-10-06 00:00:00,0.0
2024-10-05 01:00:00,6959.435833333333,5844.984020353558,-1114.4518129797752,2024-10-06 00:00:00,2024-10-06 00:00:00,0.0
2024-10-05 02:00:00,6959.435833333333,5857.573589979922,-1101.862243353411,2024-10-06 00:00:00,2024-10-06 00:00:00,0.0
2024-10-05 03:00:00,6959.435833333333,5820.5992668799,-1138.836566453433,2024-10-06 00:00:00,2024-10-06 00:00:00,0.0
2024-10-05 04:00:00,6959.435833333333,5792.4666277415345,-1166.9692055917985,2024-10-06 00:00:00,2024-10-06 00:00:00,0.0
2024-10-05 05:00:00,6959.435833333333,5812.998628604678,-1146.4372047286552,2024-10-06 00:00:00,2024-10-06 00:00:00,0.0
2024-10-05 06:00:00,6959.435833333333,5836.754498138548,-1122.6813351947849,2024-10-06 00:00:00,2024-10-06 00:00:00,0.0
2024-10-05 07:00:00,6959.435833333333,5845.66399908054,-1113.7718342527933,2024-10-06 00:00:00,2024-10-06 00:00:00,0.0
2024-10-05 08:00:00,6959.435833333333,5809.69139011321,-1149.7444432201228,2024-10-06 00:00:00,2024-10-06 00:00:00,0.0
2024-10-05 09:00:00,6959.435833333333,5805.551350343512,-1153.8844829898208,2024-10-06 00:00:00,2024-10-06 00:00:00,0.0
2024-10-05 10:00:00,6959.435833333333,5884.635839943131,-1074.799993390202,2024-10-06 00:00:00,2024-10-06 00:00:00,0.0
2024-10-05 11:00:00,6959.435833333333,5922.895031762523,-1036.54080157081,2024-10-06 00:00:00,2024-10-06 00:00:00,0.0
2024-10-05 12:00:00,6959.435833333333,5938.072377874654,-1021.3634554586788,2024-10-06 00:00:00,2024-10-06 00:00:00,0.0
2024-10-05 13:00:00,6959.435833333333,5922.672210985634,-1036.7636223476993,2024-10-06 00:00:00,2024-10-06 00:00:00,0.0
2024-10-05 14:00:00,7141.0408333333335,5868.717920695025,-1272.3229126383085,2024-10-06 14:00:00,2024-10-06 00:00:00,14.0
2024-10-05 15:00:00,7386.033333333333,5838.868117014529,-1547.1652163188037,2024-10-06 15:00:00,2024-10-06 00:00:00,15.0
2024-10-05 16:00:00,7386.033333333333,5900.226513264868,-1485.8068200684647,2024-10-06 15:00:00,2024-10-06 00:00:00,15.0
2024-10-05 17:00:00,7386.033333333333,5887.697745961645,-1498.3355873716882,2024-10-06 15:00:00,2024-10-06 00:00:00,15.0
2024-10-05 18:00:00,7386.033333333333,5881.561226460689,-1504.472106872644,2024-10-06 15:00:00,2024-10-06 00:00:00,15.0
2024-10-05 19:00:00,7386.033333333333,5895.6770606851105,-1490.3562726482223,2024-10-06 15:00:00,2024-10-06 00:00:00,15.0
2024-10-05 20:00:00,7386.033333333333,5898.570699087896,-1487.4626342454367,2024-10-06 15:00:00,2024-10-06 00:00:00,15.0
2024-10-05 21:00:00,7386.033333333333,5880.157316165445,-1505.8760171678878,2024-10-06 15:00:00,2024-10-06 00:00:00,15.0
2024-10-26 23:00:00,4213.5625,4165.891402809168,-47.67109719083237,2024-10-27 18:00:00,2024-10-27 18:00:00,0.0
2024-10-27 00:00:00,4213.5625,4138.720284019557,-74.84221598044314,2024-10-27 18:00:00,2024-10-27 18:00:00,0.0
2024-10-27 01:00:00,4213.5625,4022.5491880904115,-191.01331190958854,2024-10-27 18:00:00,2024-10-27 20:00:00,2.0
2024-10-27 02:00:00,4213.5625,3995.18392831084,-218.3785716891598,2024-10-27 18:00:00,2024-10-27 20:00:00,2.0
2024-10-27 03:00:00,4213.5625,3918.491682639159,-295.0708173608409,2024-10-27 18:00:00,2024-10-27 20:00:00,2.0
2024-10-27 04:00:00,4213.5625,3892.429562873048,-321.13293712695213,2024-10-27 18:00:00,2024-10-27 18:00:00,0.0
2024-10-27 05:00:00,4213.5625,3902.3070051618165,-311.2554948381835,2024-10-27 18:00:00,2024-10-27 20:00:00,2.0
2024-10-27 06:00:00,4213.5625,3880.66368098525,-332.8988190147502,2024-10-27 18:00:00,2024-10-27 20:00:00,2.0
2024-10-27 07:00:00,4213.5625,3901.754911076426,-311.8075889235738,2024-10-27 18:00:00,2024-10-27 20:00:00,2.0
2024-10-27 08:00:00,4213.5625,3900.863655082682,-312.6988449173182,2024-10-27 18:00:00,2024-10-27 20:00:00,2.0
2024-10-27 09:00:00,4213.5625,3875.0189850479014,-338.5435149520986,2024-10-27 18:00:00,2024-10-27 18:00:00,0.0
2024-10-27 10:00:00,4353.860833333333,4145.524513751592,-208.336319581741,2024-10-28 10:00:00,2024-10-28 10:00:00,0.0
2024-10-27 11:00:00,4576.095833333334,4264.45443634609,-311.64139698724375,2024-10-28 11:00:00,2024-10-28 11:00:00,0.0
2024-10-27 12:00:00,4644.72,4270.227728111011,-374.4922718889893,2024-10-28 12:00:00,2024-10-28 12:00:00,0.0
2024-10-27 13:00:00,4644.72,4146.892744635855,-497.82725536414546,2024-10-28 12:00:00,2024-10-28 11:00:00,1.0
2024-10-27 14:00:00,4644.72,4211.51187332218,-433.2081266778205,2024-10-28 12:00:00,2024-10-28 12:00:00,0.0
2024-10-27 15:00:00,4664.3550000000005,4181.965060214697,-482.3899397853038,2024-10-28 15:00:00,2024-10-28 12:00:00,3.0
2024-10-27 16:00:00,4664.3550000000005,4188.402509960109,-475.9524900398919,2024-10-28 15:00:00,2024-10-28 12:00:00,3.0
2024-10-27 17:00:00,4675.409166666667,4281.032162816058,-394.37700385060907,2024-10-28 17:00:00,2024-10-28 15:00:00,2.0
2024-10-27 18:00:00,4782.375,4477.724783001562,-304.6502169984378,2024-10-28 18:00:00,2024-10-28 13:00:00,5.0
2024-10-27 19:00:00,4782.375,4469.801434142213,-312.5735658577869,2024-10-28 18:00:00,2024-10-28 13:00:00,5.0
2024-10-27 20:00:00,4782.375,4455.719121935536,-326.65587806446365,2024-10-28 18:00:00,2024-10-28 12:00:00,6.0
2024-10-27 21:00:00,4782.375,4428.883921787647,-353.4910782123534,2024-10-28 18:00:00,2024-10-28 12:00:00,6.0
2024-10-27 22:00:00,4782.375,4478.000031869298,-304.37496813070175,2024-10-28 18:00:00,2024-10-28 12:00:00,6.0
2024-10-27 23:00:00,4782.375,4397.350827297147,-385.0241727028533,2024-10-28 18:00:00,2024-10-28 12:00:00,6.0
2024-10-28 00:00:00,4782.375,4263.956321635494,-518.4186783645064,2024-10-28 18:00:00,2024-10-28 12:00:00,6.0
2024-10-28 01:00:00,4782.375,4210.5630416457125,-571.8119583542875,2024-10-28 18:00:00,2024-10-28 12:00:00,6.0
2024-10-28 02:00:00,4782.375,4073.70606841137,-708.6689315886301,2024-10-28 18:00:00,2024-10-28 12:00:00,6.0
2024-10-28 03:00:00,4782.375,4045.2761937752903,-737.0988062247097,2024-10-28 18:00:00,2024-10-28 11:00:00,7.0
2024-10-28 04:00:00,4782.375,4062.68250480563,-719.6924951943702,2024-10-28 18:00:00,2024-10-28 12:00:00,6.0
2024-10-28 05:00:00,4782.375,4057.019424943295,-725.3555750567052,2024-10-28 18:00:00,2024-10-28 18:00:00,0.0
2024-10-28 06:00:00,4782.375,4143.978074031234,-638.3969259687656,2024-10-28 18:00:00,2024-10-28 15:00:00,3.0
2024-10-28 07:00:00,4782.375,4154.411278917827,-627.9637210821729,2024-10-28 18:00:00,2024-10-28 15:00:00,3.0
2024-10-28 08:00:00,4782.375,4215.497094457981,-566.8779055420191,2024-10-28 18:00:00,2024-10-28 15:00:00,3.0
2024-10-28 09:00:00,4782.375,4269.4952845342195,-512.8797154657805,2024-10-28 18:00:00,2024-10-28 15:00:00,3.0
2024-10-28 10:00:00,4782.375,4304.521479295314,-477.85352070468616,2024-10-28 18:00:00,2024-10-28 12:00:00,6.0
2024-10-28 11:00:00,4782.375,4469.4609242271645,-312.91407577283553,2024-10-28 18:00:00,2024-10-29 11:00:00,17.0
2024-10-28 12:00:00,4782.375,4501.711557914645,-280.6634420853552,2024-10-28 18:00:00,2024-10-29 11:00:00,17.0
2024-10-28 13:00:00,4782.375,4416.028822370513,-366.3461776294871,2024-10-28 18:00:00,2024-10-29 11:00:00,17.0
2024-10-28 14:00:00,4782.375,4635.144025443987,-147.23097455601328,2024-10-28 18:00:00,2024-10-29 14:00:00,20.0
2024-10-28 15:00:00,4782.375,4750.295582586396,-32.07941741360355,2024-10-28 18:00:00,2024-10-29 15:00:00,21.0
2024-10-28 16:00:00,4782.375,4816.154223960009,33.7792239600094,2024-10-28 18:00:00,2024-10-29 15:00:00,21.0
2024-10-28 17:00:00,4782.375,4851.08662681806,68.71162681805981,2024-10-28 18:00:00,2024-10-29 15:00:00,21.0
2024-10-28 18:00:00,4793.701666666667,4866.720033635528,73.0183669688613,2024-10-29 18:00:00,2024-10-29 15:00:00,3.0
2024-10-28 19:00:00,4793.701666666667,4878.862213002398,85.16054633573094,2024-10-29 18:00:00,2024-10-29 15:00:00,3.0
2024-10-28 20:00:00,4793.701666666667,4850.318733082487,56.61706641581986,2024-10-29 18:00:00,2024-10-29 15:00:00,3.0
2024-10-28 21:00:00,4793.701666666667,4749.292562960759,-44.40910370590791,2024-10-29 18:00:00,2024-10-29 15:00:00,3.0
2024-10-28 22:00:00,4793.701666666667,4769.939172707205,-23.762493959461608,2024-10-29 18:00:00,2024-10-29 15:00:00,3.0
2024-10-28 23:00:00,4793.701666666667,4762.042107060391,-31.65955960627616,2024-10-29 18:00:00,2024-10-29 14:00:00,4.0
2024-10-29 00:00:00,4793.701666666667,4699.285535726188,-94.41613094047898,2024-10-29 18:00:00,2024-10-29 15:00:00,3.0
2024-10-29 01:00:00,4793.701666666667,4762.780131036,-30.921535630666767,2024-10-29 18:00:00,2024-10-29 15:00:00,3.0
2024-10-29 02:00:00,4793.701666666667,4677.084365357366,-116.61730130930118,2024-10-29 18:00:00,2024-10-29 15:00:00,3.0
2024-10-29 03:00:00,4793.701666666667,4594.254734091861,-199.44693257480594,2024-10-29 18:00:00,2024-10-29 15:00:00,3.0
2024-10-29 04:00:00,4793.701666666667,4562.824035913048,-230.8776307536191,2024-10-29 18:00:00,2024-10-29 15:00:00,3.0
2024-10-29 05:00:00,4793.701666666667,4578.729227906779,-214.97243875988806,2024-10-29 18:00:00,2024-10-29 15:00:00,3.0
2024-10-29 06:00:00,4793.701666666667,4497.627608202304,-296.0740584643627,2024-10-29 18:00:00,2024-10-29 15:00:00,3.0
2024-10-29 07:00:00,4793.701666666667,4508.464243745642,-285.2374229210245,2024-10-29 18:00:00,2024-10-29 15:00:00,3.0
2024-10-29 08:00:00,4793.701666666667,4531.300502197223,-262.40116446944376,2024-10-29 18:00:00,2024-10-29 15:00:00,3.0
2024-10-29 09:00:00,4793.701666666667,4733.88795681858,-59.813709848086546,2024-10-29 18:00:00,2024-10-29 15:00:00,3.0
2024-10-29 10:00:00,4793.701666666667,4753.099535759535,-40.60213090713205,2024-10-29 18:00:00,2024-10-29 15:00:00,3.0
2024-10-29 11:00:00,4793.701666666667,4739.340117025084,-54.361549641583224,2024-10-29 18:00:00,2024-10-29 15:00:00,3.0
2024-10-29 12:00:00,4793.701666666667,4725.7662788271555,-67.93538783951135,2024-10-29 18:00:00,2024-10-29 15:00:00,3.0
2024-10-29 13:00:00,4793.701666666667,4726.886101192932,-66.81556547373475,2024-10-29 18:00:00,2024-10-29 15:00:00,3.0
2024-10-29 14:00:00,4793.701666666667,4800.347736000249,6.646069333582091,2024-10-29 18:00:00,2024-10-30 14:00:00,20.0
2024-10-29 15:00:00,4793.701666666667,4843.266660587511,49.564993920844245,2024-10-29 18:00:00,2024-10-30 14:00:00,20.0
2024-10-29 16:00:00,4793.701666666667,4860.586809577528,66.88514291086085,2024-10-29 18:00:00,2024-10-30 14:00:00,20.0
2024-10-29 17:00:00,4793.701666666667,4893.835910196078,100.13424352941092,2024-10-29 18:00:00,2024-10-30 14:00:00,20.0
2024-10-29 18:00:00,4721.991666666667,4895.352250635415,173.36058396874796,2024-10-30 12:00:00,2024-10-30 14:00:00,2.0
2024-10-29 19:00:00,4721.991666666667,4891.954249603999,169.96258293733263,2024-10-30 12:00:00,2024-10-30 14:00:00,2.0
2024-10-29 20:00:00,4721.991666666667,4850.864805505377,128.87313883871047,2024-10-30 12:00:00,2024-10-30 14:00:00,2.0
2024-10-29 21:00:00,4721.991666666667,4839.4367846409305,117.44511797426367,2024-10-30 12:00:00,2024-10-30 14:00:00,2.0
2024-10-29 22:00:00,4721.991666666667,4867.977372707458,145.98570604079123,2024-10-30 12:00:00,2024-10-30 14:00:00,2.0
2024-10-29 23:00:00,4721.991666666667,4823.349480214496,101.35781354782921,2024-10-30 12:00:00,2024-10-30 14:00:00,2.0
2024-10-30 00:00:00,4721.991666666667,4823.971860404071,101.98019373740408,2024-10-30 12:00:00,2024-10-30 14:00:00,2.0
2024-10-30 01:00:00,4721.991666666667,4802.007708905116,80.01604223844879,2024-10-30 12:00:00,2024-10-30 14:00:00,2.0
2024-10-30 02:00:00,4721.991666666667,4722.2099368867275,0.21827022006073094,2024-10-30 12:00:00,2024-10-30 14:00:00,2.0
2024-10-30 03:00:00,4721.991666666667,4627.807164396203,-94.18450227046378,2024-10-30 12:00:00,2024-10-30 14:00:00,2.0
2024-10-30 04:00:00,4721.991666666667,4579.005314694531,-142.9863519721357,2024-10-30 12:00:00,2024-10-30 14:00:00,2.0
2024-10-30 05:00:00,4721.991666666667,4556.114173397504,-165.8774932691631,2024-10-30 12:00:00,2024-10-30 14:00:00,2.0
2024-10-30 06:00:00,4721.991666666667,4652.714473476426,-69.27719319024072,2024-10-30 12:00:00,2024-10-30 14:00:00,2.0
2024-10-30 07:00:00,4721.991666666667,4594.294750819819,-127.69691584684824,2024-10-30 12:00:00,2024-10-30 14:00:00,2.0
2024-10-30 08:00:00,4721.991666666667,4590.394067959501,-131.59759870716607,2024-10-30 12:00:00,2024-10-30 14:00:00,2.0
2024-10-30 09:00:00,4721.991666666667,4699.87078126685,-22.12088539981687,2024-10-30 12:00:00,2024-10-30 14:00:00,2.0
2024-10-30 10:00:00,4721.991666666667,4809.698088801306,87.70642213463907,2024-10-30 12:00:00,2024-10-30 14:00:00,2.0
2024-10-30 11:00:00,4721.991666666667,4769.863914505527,47.87224783885995,2024-10-30 12:00:00,2024-10-30 14:00:00,2.0
2024-10-30 12:00:00,4604.1241666666665,4773.042700685226,168.9185340185595,2024-10-30 14:00:00,2024-10-30 14:00:00,0.0
2024-10-30 13:00:00,4604.1241666666665,4767.863573518998,163.73940685233174,2024-10-30 14:00:00,2024-10-30 14:00:00,0.0
2024-10-30 14:00:00,4543.879166666667,4832.077544201008,288.1983775343415,2024-10-30 15:00:00,2024-10-30 15:00:00,0.0
2024-10-30 15:00:00,4502.833333333333,4651.054325050636,148.22099171730315,2024-10-30 18:00:00,2024-10-30 16:00:00,2.0
2024-10-30 16:00:00,4502.833333333333,4492.995477926412,-9.837855406921335,2024-10-30 18:00:00,2024-10-30 17:00:00,1.0
2024-10-30 17:00:00,4502.833333333333,4502.507532854292,-0.32580047904139064,2024-10-30 18:00:00,2024-10-30 18:00:00,0.0
2024-10-30 18:00:00,4315.150833333333,4467.13022147916,151.97938814582722,2024-10-30 19:00:00,2024-10-31 15:00:00,20.0
2024-10-30 19:00:00,4114.279166666666,4445.855321266635,331.5761545999685,2024-10-30 20:00:00,2024-10-31 16:00:00,20.0
2024-10-30 20:00:00,4027.888333333334,4429.783099499188,401.89476616585443,2024-10-30 21:00:00,2024-10-31 15:00:00,18.0
2024-10-30 21:00:00,3983.191666666667,4465.199916850061,482.00825018339356,2024-10-30 22:00:00,2024-10-31 14:00:00,16.0
2024-10-30 22:00:00,3935.928888888889,4481.513585712812,545.5846968239225,2024-10-30 23:00:00,2024-10-31 14:00:00,15.0
2024-10-30 23:00:00,3830.8325,4517.848964388653,687.0164643886533,2024-10-31 18:00:00,2024-10-31 14:00:00,4.0
2024-10-31 00:00:00,3830.8325,4442.401166582322,611.5686665823218,2024-10-31 18:00:00,2024-10-31 14:00:00,4.0
2024-10-31 01:00:00,3830.8325,4408.6737791241485,577.8412791241485,2024-10-31 18:00:00,2024-10-31 14:00:00,4.0
2024-10-31 02:00:00,3830.8325,4328.068950026969,497.2364500269691,2024-10-31 18:00:00,2024-10-31 18:00:00,0.0
2024-10-31 03:00:00,3830.8325,4339.584858359049,508.7523583590487,2024-10-31 18:00:00,2024-10-31 18:00:00,0.0
2024-10-31 04:00:00,3830.8325,4210.78601746745,379.95351746744973,2024-10-31 18:00:00,2024-10-31 18:00:00,0.0
2024-10-31 05:00:00,3830.8325,4202.959952490974,372.1274524909736,2024-10-31 18:00:00,2024-10-31 14:00:00,4.0
2024-10-31 06:00:00,3830.8325,4211.6761009423235,380.8436009423235,2024-10-31 18:00:00,2024-10-31 14:00:00,4.0
2024-10-31 07:00:00,4245.833333333333,4201.703722538032,-44.12961079530123,2024-11-01 07:00:00,2024-10-31 14:00:00,17.0
2024-10-31 08:00:00,4787.661666666667,4166.571884719972,-621.0897819466945,2024-11-01 08:00:00,2024-10-31 14:00:00,18.0
2024-10-31 09:00:00,5155.205833333333,4732.509867628953,-422.6959657043808,2024-11-01 09:00:00,2024-11-01 09:00:00,0.0
2024-10-31 10:00:00,5337.283333333334,4883.2718544443815,-454.0114788889523,2024-11-01 10:00:00,2024-11-01 10:00:00,0.0
2024-10-31 11:00:00,5337.283333333334,4877.444042877194,-459.8392904561397,2024-11-01 10:00:00,2024-11-01 10:00:00,0.0
2024-10-31 12:00:00,5337.283333333334,4850.909331556936,-486.37400177639756,2024-11-01 10:00:00,2024-11-01 10:00:00,0.0
2024-10-31 13:00:00,5337.283333333334,4825.4417103177175,-511.8416230156163,2024-11-01 10:00:00,2024-11-01 10:00:00,0.0
2024-10-31 14:00:00,5337.283333333334,4825.939702385233,-511.3436309481003,2024-11-01 10:00:00,2024-11-01 10:00:00,0.0
2024-10-31 15:00:00,5337.283333333334,4789.610299457013,-547.6730338763209,2024-11-01 10:00:00,2024-11-01 10:00:00,0.0
2024-10-31 16:00:00,5337.283333333334,4785.797236124233,-551.486097209101,2024-11-01 10:00:00,2024-11-01 10:00:00,0.0
2024-10-31 17:00:00,5337.283333333334,4791.18113350487,-546.1021998284641,2024-11-01 10:00:00,2024-11-01 10:00:00,0.0
2024-10-31 18:00:00,5337.283333333334,4671.6250475381385,-665.6582857951953,2024-11-01 10:00:00,2024-11-01 10:00:00,0.0
2024-10-31 19:00:00,5337.283333333334,4757.028186489637,-580.2551468436968,2024-11-01 10:00:00,2024-11-01 10:00:00,0.0
2024-10-31 20:00:00,5337.283333333334,4785.858656459729,-551.4246768736048,2024-11-01 10:00:00,2024-11-01 10:00:00,0.0
2024-10-31 21:00:00,5337.283333333334,4787.6464600178815,-549.6368733154522,2024-11-01 10:00:00,2024-11-01 10:00:00,0.0
2024-10-31 22:00:00,5337.283333333334,4779.54155795233,-557.7417753810041,2024-11-01 10:00:00,2024-11-01 10:00:00,0.0
2024-11-03 23:00:00,4193.255,3835.0721600811135,-358.18283991888666,2024-11-04 15:00:00,2024-11-04 10:00:00,5.0
2024-11-04 00:00:00,4833.838333333333,4064.5471871379564,-769.2911461953768,2024-11-05 00:00:00,2024-11-04 10:00:00,14.0
2024-11-04 01:00:00,4872.906666666667,3995.278922448823,-877.6277442178439,2024-11-05 01:00:00,2024-11-04 10:00:00,15.0
2024-11-04 02:00:00,4872.906666666667,3908.0422324720084,-964.8644341946583,2024-11-05 01:00:00,2024-11-04 10:00:00,15.0
2024-11-04 03:00:00,4872.906666666667,3920.0188875910776,-952.8877790755892,2024-11-05 01:00:00,2024-11-04 18:00:00,7.0
2024-11-04 04:00:00,4872.906666666667,4363.884994616031,-509.02167205063597,2024-11-05 01:00:00,2024-11-05 00:00:00,1.0
2024-11-04 05:00:00,4872.906666666667,4432.895717302445,-440.01094936422214,2024-11-05 01:00:00,2024-11-05 00:00:00,1.0
2024-11-04 06:00:00,4872.906666666667,4405.326165198729,-467.5805014679381,2024-11-05 01:00:00,2024-11-05 00:00:00,1.0
2024-11-04 07:00:00,4872.906666666667,4400.402742461145,-472.5039242055218,2024-11-05 01:00:00,2024-11-05 00:00:00,1.0
2024-11-04 08:00:00,4872.906666666667,4388.986518700727,-483.9201479659396,2024-11-05 01:00:00,2024-11-05 00:00:00,1.0
2024-11-04 09:00:00,4872.906666666667,4431.950555460954,-440.95611120571266,2024-11-05 01:00:00,2024-11-05 00:00:00,1.0
2024-11-04 10:00:00,4872.906666666667,4512.412934942089,-360.49373172457763,2024-11-05 01:00:00,2024-11-05 00:00:00,1.0
2024-11-04 11:00:00,4872.906666666667,4528.2030695952135,-344.70359707145326,2024-11-05 01:00:00,2024-11-05 00:00:00,1.0
2024-11-04 12:00:00,4954.670833333333,4412.34914494302,-542.3216883903124,2024-11-05 12:00:00,2024-11-05 00:00:00,12.0
2024-11-04 13:00:00,4969.553333333333,4434.92266509748,-534.6306682358536,2024-11-05 13:00:00,2024-11-05 00:00:00,13.0
2024-11-04 14:00:00,5237.1175,4385.600940079029,-851.5165599209713,2024-11-05 14:00:00,2024-11-05 14:00:00,0.0
2024-11-04 15:00:00,5410.9574999999995,4642.142044234187,-768.8154557658127,2024-11-05 15:00:00,2024-11-05 15:00:00,0.0
2024-11-04 16:00:00,5410.9574999999995,4706.678009258242,-704.2794907417574,2024-11-05 15:00:00,2024-11-05 15:00:00,0.0
2024-11-04 17:00:00,5410.9574999999995,4715.671382949245,-695.2861170507549,2024-11-05 15:00:00,2024-11-05 15:00:00,0.0
2024-11-04 18:00:00,5410.9574999999995,4733.889769690939,-677.0677303090606,2024-11-05 15:00:00,2024-11-05 15:00:00,0.0
2024-11-04 19:00:00,5410.9574999999995,4914.358981759798,-496.5985182402019,2024-11-05 15:00:00,2024-11-05 15:00:00,0.0
2024-11-04 20:00:00,5410.9574999999995,4893.303311251826,-517.6541887481735,2024-11-05 15:00:00,2024-11-05 16:00:00,1.0
2024-11-04 21:00:00,5410.9574999999995,4979.728588846735,-431.22891115326456,2024-11-05 15:00:00,2024-11-05 16:00:00,1.0
2024-11-04 22:00:00,5492.663333333334,4943.763142284928,-548.9001910484058,2024-11-05 22:00:00,2024-11-05 16:00:00,6.0
2024-11-04 23:00:00,5736.3150000000005,4866.515969025346,-869.7990309746547,2024-11-05 23:00:00,2024-11-05 16:00:00,7.0
2024-11-05 00:00:00,7373.2475,5962.892794428899,-1410.3547055711015,2024-11-06 00:00:00,2024-11-06 00:00:00,0.0
2024-11-05 01:00:00,7373.2475,5908.04447367204,-1465.2030263279603,2024-11-06 00:00:00,2024-11-06 00:00:00,0.0
2024-11-05 02:00:00,7373.2475,5879.861821935059,-1493.3856780649412,2024-11-06 00:00:00,2024-11-06 00:00:00,0.0
2024-11-05 03:00:00,7373.2475,5847.967423818331,-1525.2800761816698,2024-11-06 00:00:00,2024-11-06 00:00:00,0.0
2024-11-05 04:00:00,7373.2475,5871.591065255607,-1501.6564347443937,2024-11-06 00:00:00,2024-11-06 00:00:00,0.0
2024-11-05 05:00:00,7373.2475,5827.449397690999,-1545.7981023090015,2024-11-06 00:00:00,2024-11-06 00:00:00,0.0
2024-11-05 06:00:00,7373.2475,5752.445355510238,-1620.8021444897622,2024-11-06 00:00:00,2024-11-06 00:00:00,0.0
2024-11-05 07:00:00,7373.2475,5668.647860589789,-1704.5996394102112,2024-11-06 00:00:00,2024-11-06 00:00:00,0.0
2024-11-05 08:00:00,7373.2475,5710.776230627009,-1662.4712693729916,2024-11-06 00:00:00,2024-11-06 00:00:00,0.0
2024-11-05 09:00:00,7373.2475,5753.692622839291,-1619.554877160709,2024-11-06 00:00:00,2024-11-06 00:00:00,0.0
2024-11-05 10:00:00,7373.2475,5892.987461367932,-1480.2600386320682,2024-11-06 00:00:00,2024-11-06 00:00:00,0.0
2024-11-05 11:00:00,7373.2475,5853.68572691464,-1519.56177308536,2024-11-06 00:00:00,2024-11-06 00:00:00,0.0
2024-11-05 12:00:00,7373.2475,5776.788375017406,-1596.4591249825944,2024-11-06 00:00:00,2024-11-06 00:00:00,0.0
2024-11-05 13:00:00,7373.2475,5737.783203832948,-1635.4642961670525,2024-11-06 00:00:00,2024-11-06 00:00:00,0.0
2024-11-05 14:00:00,7373.2475,5911.185583312779,-1462.0619166872211,2024-11-06 00:00:00,2024-11-06 14:00:00,14.0
2024-11-05 15:00:00,7373.2475,5973.198337816264,-1400.0491621837364,2024-11-06 00:00:00,2024-11-06 15:00:00,15.0
2024-11-05 16:00:00,7373.2475,5975.6120113152665,-1397.635488684734,2024-11-06 00:00:00,2024-11-06 15:00:00,15.0
2024-11-05 17:00:00,7373.2475,6035.588886827997,-1337.6586131720032,2024-11-06 00:00:00,2024-11-06 15:00:00,15.0
2024-11-05 18:00:00,7373.2475,6079.061264562029,-1294.1862354379718,2024-11-06 00:00:00,2024-11-06 15:00:00,15.0
2024-11-05 19:00:00,7373.2475,6110.975744040785,-1262.2717559592156,2024-11-06 00:00:00,2024-11-06 15:00:00,15.0
2024-11-05 20:00:00,7373.2475,6136.817109636196,-1236.4303903638047,2024-11-06 00:00:00,2024-11-06 15:00:00,15.0
2024-11-05 21:00:00,7373.2475,6109.703083900009,-1263.5444160999914,2024-11-06 00:00:00,2024-11-06 15:00:00,15.0
2024-11-05 22:00:00,7373.2475,6156.934536481417,-1216.3129635185833,2024-11-06 00:00:00,2024-11-06 22:00:00,22.0
2024-11-05 23:00:00,7619.914999999999,6290.057120594722,-1329.8578794052773,2024-11-06 23:00:00,2024-11-06 23:00:00,0.0
2024-11-06 00:00:00,7619.914999999999,6326.415638976745,-1293.499361023254,2024-11-06 23:00:00,2024-11-06 23:00:00,0.0
2024-11-06 01:00:00,7619.914999999999,6370.147766734068,-1249.7672332659313,2024-11-06 23:00:00,2024-11-06 23:00:00,0.0
2024-11-06 02:00:00,7619.914999999999,6322.78223117486,-1297.1327688251395,2024-11-06 23:00:00,2024-11-06 23:00:00,0.0
2024-11-06 03:00:00,7619.914999999999,6323.037416577784,-1296.8775834222151,2024-11-06 23:00:00,2024-11-06 23:00:00,0.0
2024-11-06 04:00:00,7619.914999999999,6321.926963944046,-1297.9880360559528,2024-11-06 23:00:00,2024-11-06 23:00:00,0.0
2024-11-06 05:00:00,7619.914999999999,6421.427357093568,-1198.4876429064307,2024-11-06 23:00:00,2024-11-06 23:00:00,0.0
2024-11-06 06:00:00,7619.914999999999,6410.908440098194,-1209.0065599018053,2024-11-06 23:00:00,2024-11-06 23:00:00,0.0
2024-11-06 07:00:00,7619.914999999999,6416.523396027123,-1203.3916039728756,2024-11-06 23:00:00,2024-11-06 23:00:00,0.0
2024-11-06 08:00:00,7619.914999999999,6397.6142046733175,-1222.3007953266815,2024-11-06 23:00:00,2024-11-06 23:00:00,0.0
2024-11-06 09:00:00,7619.914999999999,6483.567041500507,-1136.347958499492,2024-11-06 23:00:00,2024-11-06 23:00:00,0.0
2024-11-06 10:00:00,7619.914999999999,6514.260447881203,-1105.6545521187963,2024-11-06 23:00:00,2024-11-06 23:00:00,0.0
2024-11-06 11:00:00,7619.914999999999,6471.102878911977,-1148.8121210880217,2024-11-06 23:00:00,2024-11-06 23:00:00,0.0
2024-11-06 12:00:00,7619.914999999999,6455.537112311476,-1164.3778876885226,2024-11-06 23:00:00,2024-11-06 23:00:00,0.0
2024-11-06 13:00:00,7619.914999999999,6480.25986680698,-1139.6551331930186,2024-11-06 23:00:00,2024-11-06 23:00:00,0.0
2024-11-06 14:00:00,7619.914999999999,6451.035501759803,-1168.879498240196,2024-11-06 23:00:00,2024-11-06 23:00:00,0.0
2024-11-06 15:00:00,7619.914999999999,6435.792086233278,-1184.1229137667215,2024-11-06 23:00:00,2024-11-06 23:00:00,0.0
2024-11-06 16:00:00,7619.914999999999,6426.632034098863,-1193.2829659011359,2024-11-06 23:00:00,2024-11-06 23:00:00,0.0
2024-11-06 17:00:00,7619.914999999999,6431.042906208926,-1188.872093791073,2024-11-06 23:00:00,2024-11-06 23:00:00,0.0
2024-11-06 18:00:00,7619.914999999999,6435.645997725649,-1184.26900227435,2024-11-06 23:00:00,2024-11-06 23:00:00,0.0
2024-11-06 19:00:00,7619.914999999999,6434.228327779329,-1185.6866722206696,2024-11-06 23:00:00,2024-11-06 23:00:00,0.0
2024-11-06 20:00:00,7619.914999999999,6446.857284276925,-1173.0577157230737,2024-11-06 23:00:00,2024-11-06 23:00:00,0.0
2024-11-06 21:00:00,7619.914999999999,6462.570811513168,-1157.3441884868307,2024-11-06 23:00:00,2024-11-06 23:00:00,0.0
2024-11-06 22:00:00,7619.914999999999,6450.287725877807,-1169.627274122192,2024-11-06 23:00:00,2024-11-06 23:00:00,0.0
2024-11-16 23:00:00,3598.1649999999995,3468.495795576161,-129.66920442383844,2024-11-17 11:00:00,2024-11-17 10:00:00,1.0
2024-11-17 00:00:00,3598.1649999999995,3470.421050432301,-127.74394956769856,2024-11-17 11:00:00,2024-11-17 10:00:00,1.0
2024-11-17 01:00:00,3598.1649999999995,3485.156936700802,-113.0080632991976,2024-11-17 11:00:00,2024-11-17 10:00:00,1.0
2024-11-17 02:00:00,3598.1649999999995,3487.9004622050356,-110.26453779496387,2024-11-17 11:00:00,2024-11-17 10:00:00,1.0
2024-11-17 03:00:00,3598.1649999999995,3459.4209523345194,-138.74404766548014,2024-11-17 11:00:00,2024-11-17 10:00:00,1.0
2024-11-17 04:00:00,3598.1649999999995,3403.6043121193557,-194.56068788064385,2024-11-17 11:00:00,2024-11-17 10:00:00,1.0
2024-11-17 05:00:00,3598.1649999999995,3418.8362895869686,-179.32871041303088,2024-11-17 11:00:00,2024-11-17 10:00:00,1.0
2024-11-17 06:00:00,3598.1649999999995,3414.0139053675803,-184.15109463241924,2024-11-17 11:00:00,2024-11-17 10:00:00,1.0
2024-11-17 07:00:00,3598.1649999999995,3390.1568260301633,-208.0081739698362,2024-11-17 11:00:00,2024-11-17 10:00:00,1.0
2024-11-17 08:00:00,3598.1649999999995,3396.1442617092825,-202.02073829071696,2024-11-17 11:00:00,2024-11-17 10:00:00,1.0
2024-11-17 09:00:00,3610.463333333333,3422.920034465353,-187.54329886797996,2024-11-18 09:00:00,2024-11-18 09:00:00,0.0
2024-11-17 10:00:00,3771.9275,3534.070996502058,-237.85650349794196,2024-11-18 10:00:00,2024-11-18 10:00:00,0.0
2024-11-17 11:00:00,3771.9275,3525.8790635643504,-246.04843643564936,2024-11-18 10:00:00,2024-11-18 10:00:00,0.0
2024-11-17 12:00:00,3771.9275,3546.5100728683656,-225.4174271316342,2024-11-18 10:00:00,2024-11-18 10:00:00,0.0
2024-11-17 13:00:00,3771.9275,3534.2050830914836,-237.72241690851615,2024-11-18 10:00:00,2024-11-18 10:00:00,0.0
2024-11-17 14:00:00,3771.9275,3523.629794618309,-248.29770538169078,2024-11-18 10:00:00,2024-11-18 10:00:00,0.0
2024-11-17 15:00:00,3771.9275,3511.234960628288,-260.692539371712,2024-11-18 10:00:00,2024-11-18 10:00:00,0.0
2024-11-17 16:00:00,3771.9275,3505.327984147727,-266.5995158522728,2024-11-18 10:00:00,2024-11-18 10:00:00,0.0
2024-11-17 17:00:00,3771.9275,3473.857884467924,-298.06961553207566,2024-11-18 10:00:00,2024-11-18 10:00:00,0.0
2024-11-17 18:00:00,3771.9275,3485.442823531615,-286.4846764683848,2024-11-18 10:00:00,2024-11-18 10:00:00,0.0
2024-11-17 19:00:00,3771.9275,3551.3199184407235,-220.60758155927624,2024-11-18 10:00:00,2024-11-18 10:00:00,0.0
2024-11-17 20:00:00,3771.9275,3549.3327642295208,-222.59473577047902,2024-11-18 10:00:00,2024-11-18 10:00:00,0.0
2024-11-17 21:00:00,3771.9275,3550.9039950861998,-221.02350491380002,2024-11-18 10:00:00,2024-11-18 10:00:00,0.0
2024-11-17 22:00:00,3771.9275,3565.503000472144,-206.42449952785591,2024-11-18 10:00:00,2024-11-18 10:00:00,0.0
2024-11-20 22:00:00,3808.165833333333,3712.2035555589396,-95.96227777439344,2024-11-21 11:00:00,2024-11-21 11:00:00,0.0
2024-11-20 23:00:00,3808.165833333333,3698.9955138993455,-109.17031943398752,2024-11-21 11:00:00,2024-11-21 11:00:00,0.0
2024-11-21 00:00:00,3808.165833333333,3698.0085605920176,-110.15727274131541,2024-11-21 11:00:00,2024-11-21 11:00:00,0.0
2024-11-21 01:00:00,3808.165833333333,3701.4760857012698,-106.68974763206324,2024-11-21 11:00:00,2024-11-21 11:00:00,0.0
2024-11-21 02:00:00,3808.165833333333,3685.372912184581,-122.79292114875216,2024-11-21 11:00:00,2024-11-21 11:00:00,0.0
2024-11-21 03:00:00,3808.165833333333,3685.7761743374394,-122.38965899589357,2024-11-21 11:00:00,2024-11-21 11:00:00,0.0
2024-11-21 04:00:00,3808.165833333333,3677.247931082165,-130.91790225116802,2024-11-21 11:00:00,2024-11-21 11:00:00,0.0
2024-11-21 05:00:00,3808.165833333333,3675.7100517655185,-132.45578156781448,2024-11-21 11:00:00,2024-11-21 11:00:00,0.0
2024-11-21 06:00:00,3808.165833333333,3664.7787554657134,-143.3870778676196,2024-11-21 11:00:00,2024-11-21 11:00:00,0.0
2024-11-21 07:00:00,3808.165833333333,3675.734946358471,-132.430886974862,2024-11-21 11:00:00,2024-11-21 10:00:00,1.0
2024-11-21 08:00:00,3808.165833333333,3721.001344433404,-87.16448889992898,2024-11-21 11:00:00,2024-11-21 11:00:00,0.0
2024-11-21 09:00:00,3808.165833333333,3690.343387662711,-117.82244567062207,2024-11-21 11:00:00,2024-11-21 11:00:00,0.0
2024-11-21 10:00:00,3922.9841666666666,3710.681712070603,-212.3024545960634,2024-11-22 10:00:00,2024-11-22 10:00:00,0.0
2024-11-21 11:00:00,3922.9841666666666,3711.839285682757,-211.14488098390984,2024-11-22 10:00:00,2024-11-22 10:00:00,0.0
2024-11-21 12:00:00,3922.9841666666666,3715.074463985026,-207.90970268164074,2024-11-22 10:00:00,2024-11-22 10:00:00,0.0
2024-11-21 13:00:00,3922.9841666666666,3709.0445901959433,-213.9395764707233,2024-11-22 10:00:00,2024-11-22 10:00:00,0.0
2024-11-21 14:00:00,3922.9841666666666,3704.471693574639,-218.51247309202745,2024-11-22 10:00:00,2024-11-22 10:00:00,0.0
2024-11-21 15:00:00,3922.9841666666666,3708.5883530458696,-214.39581362079707,2024-11-22 10:00:00,2024-11-22 10:00:00,0.0
2024-11-21 16:00:00,3922.9841666666666,3714.938744619325,-208.04542204734162,2024-11-22 10:00:00,2024-11-22 10:00:00,0.0
2024-11-21 17:00:00,3922.9841666666666,3692.440751531852,-230.5434151348145,2024-11-22 10:00:00,2024-11-22 10:00:00,0.0
2024-11-21 18:00:00,3922.9841666666666,3711.045743815554,-211.9384228511126,2024-11-22 10:00:00,2024-11-22 10:00:00,0.0
2024-11-21 19:00:00,3922.9841666666666,3721.575783918928,-201.40838274773841,2024-11-22 10:00:00,2024-11-22 10:00:00,0.0
2024-11-21 20:00:00,3922.9841666666666,3674.2484104439586,-248.735756222708,2024-11-22 10:00:00,2024-11-22 10:00:00,0.0
2024-11-21 21:00:00,3922.9841666666666,3676.3421705166597,-246.6419961500069,2024-11-22 10:00:00,2024-11-22 10:00:00,0.0
2024-11-21 22:00:00,3922.9841666666666,3682.2995039534076,-240.68466271325906,2024-11-22 10:00:00,2024-11-22 10:00:00,0.0
2024-11-25 23:00:00,3776.1041666666665,3663.1749717689986,-112.92919489766791,2024-11-26 10:00:00,2024-11-26 10:00:00,0.0
2024-11-26 00:00:00,3776.1041666666665,3667.4624835074364,-108.64168315923007,2024-11-26 10:00:00,2024-11-26 10:00:00,0.0
2024-11-26 01:00:00,3776.1041666666665,3653.1158476976907,-122.98831896897582,2024-11-26 10:00:00,2024-11-26 10:00:00,0.0
2024-11-26 02:00:00,3776.1041666666665,3652.5270390956434,-123.57712757102308,2024-11-26 10:00:00,2024-11-26 10:00:00,0.0
2024-11-26 03:00:00,3776.1041666666665,3651.553584618723,-124.55058204794341,2024-11-26 10:00:00,2024-11-26 10:00:00,0.0
2024-11-26 04:00:00,3776.1041666666665,3651.1677734208706,-124.9363932457959,2024-11-26 10:00:00,2024-11-26 10:00:00,0.0
2024-11-26 05:00:00,3776.1041666666665,3642.2253978573026,-133.87876880936392,2024-11-26 10:00:00,2024-11-26 10:00:00,0.0
2024-11-26 06:00:00,3776.1041666666665,3631.3316853378064,-144.77248132886007,2024-11-26 10:00:00,2024-11-26 10:00:00,0.0
2024-11-26 07:00:00,3776.1041666666665,3652.2741086360343,-123.83005803063224,2024-11-26 10:00:00,2024-11-26 10:00:00,0.0
2024-11-26 08:00:00,3776.1041666666665,3658.1712309924196,-117.93293567424689,2024-11-26 10:00:00,2024-11-26 10:00:00,0.0
2024-11-26 09:00:00,3776.1041666666665,3644.8017606208577,-131.30240604580877,2024-11-26 10:00:00,2024-11-26 10:00:00,0.0
2024-11-26 10:00:00,3765.191666666667,3588.3587922313836,-176.83287443528343,2024-11-27 10:00:00,2024-11-27 10:00:00,0.0
2024-11-26 11:00:00,3765.191666666667,3614.511158938511,-150.68050772815604,2024-11-27 10:00:00,2024-11-27 11:00:00,1.0
2024-11-26 12:00:00,3765.191666666667,3606.6985931116387,-158.49307355502833,2024-11-27 10:00:00,2024-11-27 11:00:00,1.0
2024-11-26 13:00:00,3765.191666666667,3611.826157490056,-153.36550917661089,2024-11-27 10:00:00,2024-11-27 11:00:00,1.0
2024-11-26 14:00:00,3765.191666666667,3615.342105902215,-149.84956076445224,2024-11-27 10:00:00,2024-11-27 11:00:00,1.0
2024-11-26 15:00:00,3765.191666666667,3614.657148458302,-150.53451820836517,2024-11-27 10:00:00,2024-11-27 11:00:00,1.0
2024-11-26 16:00:00,3765.191666666667,3616.6955366881216,-148.49612997854547,2024-11-27 10:00:00,2024-11-27 11:00:00,1.0
2024-11-26 17:00:00,3765.191666666667,3651.0046831003383,-114.18698356632876,2024-11-27 10:00:00,2024-11-27 11:00:00,1.0
2024-11-26 18:00:00,3765.191666666667,3673.085298255381,-92.10636841128598,2024-11-27 10:00:00,2024-11-27 11:00:00,1.0
2024-11-26 19:00:00,3765.191666666667,3641.9751175077367,-123.21654915893032,2024-11-27 10:00:00,2024-11-27 11:00:00,1.0
2024-11-26 20:00:00,3765.191666666667,3626.644398661241,-138.54726800542585,2024-11-27 10:00:00,2024-11-27 11:00:00,1.0
2024-11-26 21:00:00,3765.191666666667,3627.864472377706,-137.32719428896098,2024-11-27 10:00:00,2024-11-27 11:00:00,1.0
2024-11-26 22:00:00,3765.191666666667,3615.4361672617274,-149.75549940493966,2024-11-27 10:00:00,2024-11-27 11:00:00,1.0
2024-11-26 23:00:00,3765.191666666667,3617.284264575622,-147.90740209104524,2024-11-27 10:00:00,2024-11-27 11:00:00,1.0
2024-11-28 00:00:00,3782.8216666666667,3789.0038663613573,6.182199694690553,2024-11-28 10:00:00,2024-11-28 10:00:00,0.0
2024-11-28 01:00:00,3782.8216666666667,3787.3719719925575,4.550305325890804,2024-11-28 10:00:00,2024-11-28 10:00:00,0.0
2024-11-28 02:00:00,3782.8216666666667,3783.0743465603614,0.25267989369467614,2024-11-28 10:00:00,2024-11-28 10:00:00,0.0
2024-11-28 03:00:00,3782.8216666666667,3787.9084884812974,5.086821814630639,2024-11-28 10:00:00,2024-11-28 10:00:00,0.0
2024-11-29 04:00:00,3977.9616666666666,3894.2968368348347,-83.66482983183187,2024-11-29 10:00:00,2024-11-29 10:00:00,0.0
2024-11-29 05:00:00,3977.9616666666666,3889.7235885908353,-88.23807807583125,2024-11-29 10:00:00,2024-11-29 10:00:00,0.0
2024-11-29 06:00:00,3977.9616666666666,3881.8315886834894,-96.13007798317722,2024-11-29 10:00:00,2024-11-29 10:00:00,0.0
2024-11-29 07:00:00,3977.9616666666666,3923.6094951835994,-54.352171483067195,2024-11-29 10:00:00,2024-11-29 10:00:00,0.0
2024-11-29 08:00:00,3977.9616666666666,3892.457627672979,-85.50403899368757,2024-11-29 10:00:00,2024-11-29 10:00:00,0.0
2024-11-29 09:00:00,3977.9616666666666,3882.1549214372635,-95.80674522940308,2024-11-29 10:00:00,2024-11-29 10:00:00,0.0
2024-11-29 10:00:00,3820.23,3847.7098495443256,27.47984954432559,2024-11-29 11:00:00,2024-11-29 11:00:00,0.0
2024-11-29 11:00:00,3791.7041666666664,3870.2763842378235,78.57221757115713,2024-11-30 10:00:00,2024-11-30 10:00:00,0.0
2024-11-29 12:00:00,3791.7041666666664,3898.9631978177913,107.25903115112487,2024-11-30 10:00:00,2024-11-30 10:00:00,0.0
2024-11-29 13:00:00,3791.7041666666664,3898.5318903494476,106.8277236827812,2024-11-30 10:00:00,2024-11-30 10:00:00,0.0
2024-11-29 14:00:00,3791.7041666666664,3856.907183081711,65.20301641504466,2024-11-30 10:00:00,2024-11-30 10:00:00,0.0
2024-11-29 15:00:00,3791.7041666666664,3831.399830400558,39.695663733891706,2024-11-30 10:00:00,2024-11-30 10:00:00,0.0
2024-11-29 16:00:00,3791.7041666666664,3818.6563835270003,26.95221686033392,2024-11-30 10:00:00,2024-11-30 10:00:00,0.0
2024-11-29 17:00:00,3791.7041666666664,3876.1083279062077,84.40416123954128,2024-11-30 10:00:00,2024-11-30 10:00:00,0.0
2024-11-29 18:00:00,3791.7041666666664,3870.4652881734846,78.7611215068182,2024-11-30 10:00:00,2024-11-30 10:00:00,0.0
2024-11-29 19:00:00,3791.7041666666664,3883.3339987089353,91.62983204226884,2024-11-30 10:00:00,2024-11-30 10:00:00,0.0
2024-11-29 20:00:00,3791.7041666666664,3841.916575894701,50.21240922803463,2024-11-30 10:00:00,2024-11-30 10:00:00,0.0
2024-11-29 21:00:00,3791.7041666666664,3835.630623345281,43.92645667861461,2024-11-30 10:00:00,2024-11-30 10:00:00,0.0
2024-11-29 22:00:00,3791.7041666666664,3835.717149809525,44.0129831428585,2024-11-30 10:00:00,2024-11-30 10:00:00,0.0
2024-11-29 23:00:00,3791.7041666666664,3829.5053342430074,37.80116757634096,2024-11-30 10:00:00,2024-11-30 10:00:00,0.0
2024-11-30 00:00:00,3791.7041666666664,3851.34414791961,59.63998125294347,2024-11-30 10:00:00,2024-11-30 10:00:00,0.0
2024-11-30 01:00:00,3791.7041666666664,3852.5019534941453,60.79778682747883,2024-11-30 10:00:00,2024-11-30 10:00:00,0.0
2024-11-30 02:00:00,3791.7041666666664,3854.8477376798337,63.143571013167275,2024-11-30 10:00:00,2024-11-30 10:00:00,0.0
2024-11-30 03:00:00,3791.7041666666664,3851.6595667529373,59.955400086270856,2024-11-30 10:00:00,2024-11-30 10:00:00,0.0
2024-11-30 04:00:00,3791.7041666666664,3850.9222357907715,59.218069124105114,2024-11-30 10:00:00,2024-11-30 10:00:00,0.0
2024-11-30 05:00:00,3791.7041666666664,3866.939316426666,75.23514975999979,2024-11-30 10:00:00,2024-11-30 10:00:00,0.0
2024-11-30 06:00:00,3791.7041666666664,3863.5568668153796,71.85270014871321,2024-11-30 10:00:00,2024-11-30 10:00:00,0.0
2024-11-30 07:00:00,4405.4675,3843.7959295941923,-561.6715704058074,2024-12-01 07:00:00,2024-11-30 10:00:00,21.0
2024-11-30 08:00:00,4999.635833333333,3950.43201452585,-1049.203818807483,2024-12-01 08:00:00,2024-12-01 08:00:00,0.0
2024-11-30 09:00:00,5400.065833333333,4369.149001171084,-1030.9168321622492,2024-12-01 09:00:00,2024-12-01 09:00:00,0.0
2024-11-30 10:00:00,5625.385833333334,4460.992198686716,-1164.393634646618,2024-12-01 10:00:00,2024-12-01 10:00:00,0.0
2024-11-30 11:00:00,5625.385833333334,4449.5295645066035,-1175.8562688267302,2024-12-01 10:00:00,2024-12-01 11:00:00,1.0
2024-11-30 12:00:00,5625.385833333334,4559.8790073720365,-1065.5068259612972,2024-12-01 10:00:00,2024-12-01 11:00:00,1.0
2024-11-30 13:00:00,5625.385833333334,4547.930309174258,-1077.455524159076,2024-12-01 10:00:00,2024-12-01 11:00:00,1.0
2024-11-30 14:00:00,5625.385833333334,4547.018771985805,-1078.3670613475288,2024-12-01 10:00:00,2024-12-01 11:00:00,1.0
2024-11-30 15:00:00,5625.385833333334,4546.333814541892,-1079.0520187914417,2024-12-01 10:00:00,2024-12-01 11:00:00,1.0
2024-11-30 16:00:00,5625.385833333334,4507.141481673975,-1118.2443516593585,2024-12-01 10:00:00,2024-12-01 11:00:00,1.0
2024-11-30 17:00:00,5625.385833333334,4538.796252365857,-1086.5895809674766,2024-12-01 10:00:00,2024-12-01 11:00:00,1.0
2024-11-30 18:00:00,5625.385833333334,4543.266403790124,-1082.1194295432097,2024-12-01 10:00:00,2024-12-01 11:00:00,1.0
2024-11-30 19:00:00,5625.385833333334,4556.965140531284,-1068.4206928020494,2024-12-01 10:00:00,2024-12-01 11:00:00,1.0
2024-11-30 20:00:00,5625.385833333334,4506.56920515962,-1118.816628173714,2024-12-01 10:00:00,2024-12-01 11:00:00,1.0
2024-11-30 21:00:00,5625.385833333334,4502.3815488313985,-1123.0042845019352,2024-12-01 10:00:00,2024-12-01 11:00:00,1.0
2024-11-30 22:00:00,5625.385833333334,4511.998287884496,-1113.387545448838,2024-12-01 10:00:00,2024-12-01 11:00:00,1.0
2024-12-01 23:00:00,4444.879166666667,3660.3410382729235,-784.5381283937431,2024-12-02 10:00:00,2024-12-02 11:00:00,1.0
2024-12-02 00:00:00,4444.879166666667,3833.045169572804,-611.8339970938628,2024-12-02 10:00:00,2024-12-02 11:00:00,1.0
2024-12-02 01:00:00,4444.879166666667,3819.11840389684,-625.7607627698267,2024-12-02 10:00:00,2024-12-02 10:00:00,0.0
2024-12-02 02:00:00,4444.879166666667,3753.7383558205997,-691.1408108460669,2024-12-02 10:00:00,2024-12-02 10:00:00,0.0
2024-12-02 03:00:00,4444.879166666667,3754.4812628902782,-690.3979037763884,2024-12-02 10:00:00,2024-12-02 10:00:00,0.0
2024-12-02 04:00:00,4444.879166666667,3769.0954768442393,-675.7836898224273,2024-12-02 10:00:00,2024-12-02 11:00:00,1.0
2024-12-02 05:00:00,4444.879166666667,3730.6251966715504,-714.2539699951162,2024-12-02 10:00:00,2024-12-02 09:00:00,1.0
2024-12-02 06:00:00,4444.879166666667,3791.0854088680076,-653.793757798659,2024-12-02 10:00:00,2024-12-02 10:00:00,0.0
2024-12-02 07:00:00,4444.879166666667,3869.7051993433383,-575.1739673233283,2024-12-02 10:00:00,2024-12-02 10:00:00,0.0
2024-12-02 08:00:00,4444.879166666667,3862.851562892641,-582.0276037740255,2024-12-02 10:00:00,2024-12-02 09:00:00,1.0
2024-12-02 09:00:00,4444.879166666667,3865.831181646352,-579.0479850203146,2024-12-02 10:00:00,2024-12-02 10:00:00,0.0
2024-12-02 10:00:00,4227.662499999999,3794.2767480582775,-433.385751941722,2024-12-02 11:00:00,2024-12-02 11:00:00,0.0
2024-12-02 11:00:00,3997.9516666666664,3717.864936902358,-280.08672976430853,2024-12-02 12:00:00,2024-12-02 12:00:00,0.0
2024-12-02 12:00:00,3792.0616666666665,3825.856112656144,33.79444598947748,2024-12-03 10:00:00,2024-12-03 11:00:00,1.0
2024-12-02 13:00:00,3792.0616666666665,3797.0899659843067,5.028299317640176,2024-12-03 10:00:00,2024-12-03 11:00:00,1.0
2024-12-02 14:00:00,3792.0616666666665,3787.990742334079,-4.07092433258731,2024-12-03 10:00:00,2024-12-03 11:00:00,1.0
2024-12-02 15:00:00,3792.0616666666665,3807.6463684938167,15.584701827150184,2024-12-03 10:00:00,2024-12-03 11:00:00,1.0
2024-12-02 16:00:00,3792.0616666666665,3835.361949076944,43.300282410277305,2024-12-03 10:00:00,2024-12-03 11:00:00,1.0
2024-12-02 17:00:00,3792.0616666666665,3870.5267493938145,78.465082727148,2024-12-03 10:00:00,2024-12-03 11:00:00,1.0
2024-12-02 18:00:00,3792.0616666666665,3869.926666045754,77.8649993790873,2024-12-03 10:00:00,2024-12-03 11:00:00,1.0
2024-12-02 19:00:00,3792.0616666666665,3912.4842659095343,120.42259924286782,2024-12-03 10:00:00,2024-12-03 11:00:00,1.0
2024-12-02 20:00:00,3792.0616666666665,3847.787725041264,55.726058374597415,2024-12-03 10:00:00,2024-12-03 11:00:00,1.0
2024-12-02 21:00:00,3792.0616666666665,3720.0088136247546,-72.05285304191193,2024-12-03 10:00:00,2024-12-03 11:00:00,1.0
2024-12-02 22:00:00,3792.0616666666665,3816.10220968563,24.04054301896349,2024-12-03 10:00:00,2024-12-03 11:00:00,1.0
2024-12-03 23:00:00,4651.274166666667,4174.826719885016,-476.4474467816508,2024-12-04 15:00:00,2024-12-04 10:00:00,5.0
2024-12-04 00:00:00,5620.984166666666,4394.305390884929,-1226.6787757817374,2024-12-05 00:00:00,2024-12-04 10:00:00,14.0
2024-12-04 01:00:00,5620.984166666666,4299.0854858007,-1321.8986808659665,2024-12-05 00:00:00,2024-12-04 10:00:00,14.0
2024-12-04 02:00:00,5620.984166666666,4191.746168458798,-1429.2379982078683,2024-12-05 00:00:00,2024-12-04 11:00:00,13.0
2024-12-04 03:00:00,5620.984166666666,4174.7781971329805,-1446.2059695336857,2024-12-05 00:00:00,2024-12-04 11:00:00,13.0
2024-12-04 04:00:00,5620.984166666666,4539.157836667969,-1081.8263299986975,2024-12-05 00:00:00,2024-12-05 00:00:00,0.0
2024-12-04 05:00:00,5620.984166666666,4530.1744911454125,-1090.8096755212537,2024-12-05 00:00:00,2024-12-05 00:00:00,0.0
2024-12-04 06:00:00,5620.984166666666,4566.662289194661,-1054.3218774720053,2024-12-05 00:00:00,2024-12-05 00:00:00,0.0
2024-12-04 07:00:00,5620.984166666666,4555.441582342643,-1065.5425843240228,2024-12-05 00:00:00,2024-12-05 00:00:00,0.0
2024-12-04 08:00:00,5620.984166666666,4539.266132492905,-1081.7180341737612,2024-12-05 00:00:00,2024-12-05 00:00:00,0.0
2024-12-04 09:00:00,5620.984166666666,4573.475042009469,-1047.5091246571974,2024-12-05 00:00:00,2024-12-05 00:00:00,0.0
2024-12-04 10:00:00,5620.984166666666,4743.8336727261785,-877.1504939404876,2024-12-05 00:00:00,2024-12-05 00:00:00,0.0
2024-12-04 11:00:00,5620.984166666666,4700.074975100904,-920.9091915657618,2024-12-05 00:00:00,2024-12-05 00:00:00,0.0
2024-12-04 12:00:00,5620.984166666666,4776.675736899038,-844.3084297676278,2024-12-05 00:00:00,2024-12-04 15:00:00,9.0
2024-12-04 13:00:00,5620.984166666666,4867.866496495095,-753.1176701715713,2024-12-05 00:00:00,2024-12-04 15:00:00,9.0
2024-12-04 14:00:00,5620.984166666666,5013.435539899963,-607.5486267667029,2024-12-05 00:00:00,2024-12-04 15:00:00,9.0
2024-12-04 15:00:00,5620.984166666666,5105.09681243821,-515.8873542284564,2024-12-05 00:00:00,2024-12-05 14:00:00,14.0
2024-12-04 16:00:00,5620.984166666666,5210.815079044277,-410.16908762238927,2024-12-05 00:00:00,2024-12-05 14:00:00,14.0
2024-12-04 17:00:00,5620.984166666666,5296.057076586601,-324.9270900800648,2024-12-05 00:00:00,2024-12-05 14:00:00,14.0
2024-12-04 18:00:00,5620.984166666666,5258.965574189234,-362.0185924774323,2024-12-05 00:00:00,2024-12-05 15:00:00,15.0
2024-12-04 19:00:00,5620.984166666666,5291.565689966007,-329.4184767006591,2024-12-05 00:00:00,2024-12-05 15:00:00,15.0
2024-12-04 20:00:00,5620.984166666666,5266.505202498737,-354.478964167929,2024-12-05 00:00:00,2024-12-05 15:00:00,15.0
2024-12-04 21:00:00,5620.984166666666,5187.008412810465,-433.97575385620075,2024-12-05 00:00:00,2024-12-05 15:00:00,15.0
2024-12-04 22:00:00,5882.2891666666665,5389.479071656185,-492.81009501048175,2024-12-05 22:00:00,2024-12-05 15:00:00,7.0
2024-12-04 23:00:00,6131.246363636363,5300.085960819522,-831.1604028168404,2024-12-05 23:00:00,2024-12-05 15:00:00,8.0
2024-12-05 00:00:00,7415.528333333333,5631.011010087988,-1784.5173232453444,2024-12-06 00:00:00,2024-12-06 00:00:00,0.0
2024-12-05 01:00:00,7415.528333333333,5658.524315907712,-1757.004017425621,2024-12-06 00:00:00,2024-12-05 23:00:00,1.0
2024-12-05 02:00:00,7415.528333333333,5669.668647399345,-1745.8596859339877,2024-12-06 00:00:00,2024-12-05 23:00:00,1.0
2024-12-05 03:00:00,7415.528333333333,5666.251518438918,-1749.276814894415,2024-12-06 00:00:00,2024-12-06 00:00:00,0.0
2024-12-05 04:00:00,7415.528333333333,5646.428315790917,-1769.100017542416,2024-12-06 00:00:00,2024-12-06 00:00:00,0.0
2024-12-05 05:00:00,7415.528333333333,5637.672651926894,-1777.8556814064386,2024-12-06 00:00:00,2024-12-06 00:00:00,0.0
2024-12-05 06:00:00,7415.528333333333,5503.681450464551,-1911.846882868782,2024-12-06 00:00:00,2024-12-06 00:00:00,0.0
2024-12-05 07:00:00,7415.528333333333,5530.050691983352,-1885.4776413499803,2024-12-06 00:00:00,2024-12-06 00:00:00,0.0
2024-12-05 08:00:00,7415.528333333333,5476.985842858532,-1938.5424904748006,2024-12-06 00:00:00,2024-12-06 00:00:00,0.0
2024-12-05 09:00:00,7415.528333333333,5502.158823492393,-1913.3695098409398,2024-12-06 00:00:00,2024-12-06 00:00:00,0.0
2024-12-05 10:00:00,7415.528333333333,5557.393946051309,-1858.1343872820235,2024-12-06 00:00:00,2024-12-06 00:00:00,0.0
2024-12-05 11:00:00,7415.528333333333,5605.2614782774735,-1810.2668550558592,2024-12-06 00:00:00,2024-12-06 00:00:00,0.0
2024-12-05 12:00:00,7415.528333333333,5565.66403013823,-1849.8643031951024,2024-12-06 00:00:00,2024-12-06 00:00:00,0.0
2024-12-05 13:00:00,7415.528333333333,5495.5890490329,-1919.9392843004325,2024-12-06 00:00:00,2024-12-05 23:00:00,1.0
2024-12-05 14:00:00,7415.528333333333,5691.795421760741,-1723.7329115725915,2024-12-06 00:00:00,2024-12-06 14:00:00,14.0
2024-12-05 15:00:00,7686.335,5854.774320135593,-1831.5606798644067,2024-12-06 15:00:00,2024-12-06 15:00:00,0.0
2024-12-05 16:00:00,7686.335,5876.210651363406,-1810.1243486365938,2024-12-06 15:00:00,2024-12-06 15:00:00,0.0
2024-12-05 17:00:00,7686.335,5899.933441060692,-1786.4015589393084,2024-12-06 15:00:00,2024-12-06 15:00:00,0.0
2024-12-05 18:00:00,7686.335,5871.059934437165,-1815.2750655628352,2024-12-06 15:00:00,2024-12-06 15:00:00,0.0
2024-12-05 19:00:00,7686.335,5831.876377913627,-1854.458622086373,2024-12-06 15:00:00,2024-12-06 15:00:00,0.0
2024-12-05 20:00:00,7686.335,5833.103530681354,-1853.2314693186463,2024-12-06 15:00:00,2024-12-06 15:00:00,0.0
2024-12-05 21:00:00,7686.335,5848.504491914509,-1837.8305080854907,2024-12-06 15:00:00,2024-12-06 15:00:00,0.0
2024-12-05 22:00:00,7686.335,5939.967491205113,-1746.3675087948868,2024-12-06 15:00:00,2024-12-06 22:00:00,7.0
2024-12-05 23:00:00,7715.850833333334,6060.507696775983,-1655.3431365573506,2024-12-06 23:00:00,2024-12-06 23:00:00,0.0
2024-12-06 00:00:00,7715.850833333334,6059.111974190709,-1656.7388591426252,2024-12-06 23:00:00,2024-12-06 23:00:00,0.0
2024-12-06 01:00:00,7715.850833333334,6099.8563179405855,-1615.9945153927483,2024-12-06 23:00:00,2024-12-06 23:00:00,0.0
2024-12-06 02:00:00,7715.850833333334,6136.8625462984755,-1578.9882870348583,2024-12-06 23:00:00,2024-12-06 23:00:00,0.0
2024-12-06 03:00:00,7715.850833333334,6181.390318304016,-1534.4605150293182,2024-12-06 23:00:00,2024-12-06 23:00:00,0.0
2024-12-06 04:00:00,7715.850833333334,6182.85931542891,-1532.9915179044237,2024-12-06 23:00:00,2024-12-06 23:00:00,0.0
2024-12-06 05:00:00,7715.850833333334,6194.628767669646,-1521.2220656636882,2024-12-06 23:00:00,2024-12-06 23:00:00,0.0
2024-12-06 06:00:00,7715.850833333334,6290.549357472875,-1425.3014758604586,2024-12-06 23:00:00,2024-12-06 23:00:00,0.0
2024-12-06 07:00:00,7715.850833333334,6257.92522169905,-1457.925611634284,2024-12-06 23:00:00,2024-12-06 23:00:00,0.0
2024-12-06 08:00:00,7715.850833333334,6258.581019696846,-1457.269813636488,2024-12-06 23:00:00,2024-12-06 23:00:00,0.0
2024-12-06 09:00:00,7715.850833333334,6351.173541224638,-1364.6772921086958,2024-12-06 23:00:00,2024-12-06 23:00:00,0.0
2024-12-06 10:00:00,7715.850833333334,6358.284243782953,-1357.5665895503807,2024-12-06 23:00:00,2024-12-06 23:00:00,0.0
2024-12-06 11:00:00,7715.850833333334,6342.116778789363,-1373.734054543971,2024-12-06 23:00:00,2024-12-06 23:00:00,0.0
2024-12-06 12:00:00,7715.850833333334,6315.201279381292,-1400.649553952042,2024-12-06 23:00:00,2024-12-06 23:00:00,0.0
2024-12-06 13:00:00,7715.850833333334,6235.603366365697,-1480.2474669676367,2024-12-06 23:00:00,2024-12-06 23:00:00,0.0
2024-12-06 14:00:00,7715.850833333334,6200.922474802403,-1514.9283585309313,2024-12-06 23:00:00,2024-12-06 23:00:00,0.0
2024-12-06 15:00:00,7715.850833333334,6179.119072307241,-1536.7317610260925,2024-12-06 23:00:00,2024-12-06 23:00:00,0.0
2024-12-06 16:00:00,7715.850833333334,6279.823083460246,-1436.0277498730875,2024-12-06 23:00:00,2024-12-06 23:00:00,0.0
2024-12-06 17:00:00,7715.850833333334,6267.326189104811,-1448.5246442285224,2024-12-06 23:00:00,2024-12-06 23:00:00,0.0
2024-12-06 18:00:00,7715.850833333334,6266.187521678301,-1449.6633116550329,2024-12-06 23:00:00,2024-12-06 23:00:00,0.0
2024-12-06 19:00:00,7715.850833333334,6180.637945114131,-1535.2128882192028,2024-12-06 23:00:00,2024-12-06 23:00:00,0.0
2024-12-06 20:00:00,7715.850833333334,6144.715860235542,-1571.1349730977918,2024-12-06 23:00:00,2024-12-06 23:00:00,0.0
2024-12-06 21:00:00,7715.850833333334,6155.884820665464,-1559.96601266787,2024-12-06 23:00:00,2024-12-06 23:00:00,0.0
2024-12-06 22:00:00,7715.850833333334,6167.542360737476,-1548.308472595858,2024-12-06 23:00:00,2024-12-06 23:00:00,0.0
2024-12-06 23:00:00,6805.256666666667,5699.239780822989,-1106.0168858436782,2024-12-07 00:00:00,2024-12-07 23:00:00,23.0
2024-12-07 00:00:00,6579.981,5728.221265042017,-851.7597349579828,2024-12-07 23:00:00,2024-12-07 23:00:00,0.0
2024-12-07 01:00:00,6579.981,5778.940706205684,-801.0402937943154,2024-12-07 23:00:00,2024-12-07 23:00:00,0.0
2024-12-07 02:00:00,6579.981,5796.0350080856815,-783.9459919143183,2024-12-07 23:00:00,2024-12-07 23:00:00,0.0
2024-12-07 03:00:00,6579.981,5830.7447028603065,-749.2362971396933,2024-12-07 23:00:00,2024-12-07 23:00:00,0.0
2024-12-07 04:00:00,6579.981,5850.628429113683,-729.3525708863172,2024-12-07 23:00:00,2024-12-07 23:00:00,0.0
2024-12-07 05:00:00,6579.981,5727.536718745889,-852.444281254111,2024-12-07 23:00:00,2024-12-07 23:00:00,0.0
2024-12-07 06:00:00,6579.981,5678.030283081802,-901.9507169181979,2024-12-07 23:00:00,2024-12-07 23:00:00,0.0
2024-12-07 07:00:00,6579.981,5740.132094062705,-839.8489059372951,2024-12-07 23:00:00,2024-12-07 23:00:00,0.0
2024-12-07 08:00:00,6579.981,5750.200530398211,-829.7804696017884,2024-12-07 23:00:00,2024-12-07 23:00:00,0.0
2024-12-07 09:00:00,6579.981,5916.691549998942,-663.289450001058,2024-12-07 23:00:00,2024-12-07 23:00:00,0.0
2024-12-07 10:00:00,6579.981,6114.087794857135,-465.89320514286464,2024-12-07 23:00:00,2024-12-07 23:00:00,0.0
2024-12-07 11:00:00,6579.981,6124.646774889916,-455.33422511008393,2024-12-07 23:00:00,2024-12-07 23:00:00,0.0
2024-12-07 12:00:00,6579.981,6023.185649541856,-556.7953504581437,2024-12-07 23:00:00,2024-12-07 23:00:00,0.0
2024-12-07 13:00:00,6579.981,6031.002854637469,-548.978145362531,2024-12-07 23:00:00,2024-12-07 23:00:00,0.0
2024-12-07 14:00:00,6579.981,5972.539040222064,-607.4419597779361,2024-12-07 23:00:00,2024-12-07 23:00:00,0.0
2024-12-07 15:00:00,6579.981,5965.878580662348,-614.1024193376516,2024-12-07 23:00:00,2024-12-07 23:00:00,0.0
2024-12-07 16:00:00,6579.981,5989.256413948656,-590.724586051344,2024-12-07 23:00:00,2024-12-07 23:00:00,0.0
2024-12-07 17:00:00,6579.981,6091.528838591608,-488.4521614083915,2024-12-07 23:00:00,2024-12-07 23:00:00,0.0
2024-12-07 18:00:00,6579.981,6016.050472092303,-563.9305279076971,2024-12-07 23:00:00,2024-12-07 23:00:00,0.0
2024-12-07 19:00:00,6579.981,5952.165231007965,-627.8157689920345,2024-12-07 23:00:00,2024-12-07 23:00:00,0.0
2024-12-07 20:00:00,6579.981,5954.417436485115,-625.5635635148847,2024-12-07 23:00:00,2024-12-07 23:00:00,0.0
2024-12-07 21:00:00,6579.981,5970.034412499625,-609.9465875003743,2024-12-07 23:00:00,2024-12-07 23:00:00,0.0
2024-12-07 22:00:00,6579.981,5952.130948384624,-627.8500516153754,2024-12-07 23:00:00,2024-12-07 23:00:00,0.0
2024-12-07 23:00:00,5473.16,6025.423060973757,552.2630609737571,2024-12-08 11:00:00,2024-12-08 23:00:00,12.0
2024-12-08 00:00:00,5473.16,5834.098016626194,360.93801662619444,2024-12-08 11:00:00,2024-12-08 23:00:00,12.0
2024-12-08 01:00:00,5473.16,5813.006876452827,339.846876452827,2024-12-08 11:00:00,2024-12-08 23:00:00,12.0
2024-12-08 02:00:00,5473.16,5763.500290635799,290.34029063579874,2024-12-08 11:00:00,2024-12-08 23:00:00,12.0
2024-12-08 03:00:00,5473.16,5602.796010152072,129.63601015207223,2024-12-08 11:00:00,2024-12-08 23:00:00,12.0
2024-12-08 04:00:00,5473.16,5556.186823018893,83.02682301889308,2024-12-08 11:00:00,2024-12-08 23:00:00,12.0
2024-12-08 05:00:00,5473.16,5587.787954748826,114.6279547488266,2024-12-08 11:00:00,2024-12-08 23:00:00,12.0
2024-12-08 06:00:00,5473.16,5774.282615101744,301.1226151017445,2024-12-08 11:00:00,2024-12-08 23:00:00,12.0
2024-12-08 07:00:00,5473.16,5771.695267231907,298.5352672319068,2024-12-08 11:00:00,2024-12-08 23:00:00,12.0
2024-12-08 08:00:00,5473.16,5782.44190588713,309.28190588713005,2024-12-08 11:00:00,2024-12-08 23:00:00,12.0
2024-12-08 09:00:00,5473.16,5715.4882516969055,242.32825169690568,2024-12-08 11:00:00,2024-12-08 23:00:00,12.0
2024-12-08 10:00:00,5473.16,5908.746097767951,435.5860977679513,2024-12-08 11:00:00,2024-12-08 23:00:00,12.0
2024-12-08 11:00:00,5450.3425,5962.081796947392,511.7392969473922,2024-12-08 15:00:00,2024-12-08 23:00:00,8.0
2024-12-08 12:00:00,5450.3425,5974.1831634560585,523.8406634560588,2024-12-08 15:00:00,2024-12-08 23:00:00,8.0
2024-12-08 13:00:00,5450.3425,5995.207834050997,544.8653340509973,2024-12-08 15:00:00,2024-12-08 23:00:00,8.0
2024-12-08 14:00:00,5450.3425,6023.362565621263,573.0200656212628,2024-12-08 15:00:00,2024-12-08 23:00:00,8.0
2024-12-08 15:00:00,5370.1025,6122.096068839293,751.9935688392934,2024-12-08 16:00:00,2024-12-08 23:00:00,7.0
2024-12-08 16:00:00,5334.514166666667,6106.209024012734,771.6948573460668,2024-12-08 17:00:00,2024-12-08 23:00:00,6.0
2024-12-08 17:00:00,5313.009166666667,6064.787645743123,751.7784790764563,2024-12-08 22:00:00,2024-12-08 23:00:00,1.0
2024-12-08 18:00:00,5313.009166666667,6058.067520424613,745.058353757946,2024-12-08 22:00:00,2024-12-08 23:00:00,1.0
2024-12-08 19:00:00,5313.009166666667,6112.916965026225,799.907798359558,2024-12-08 22:00:00,2024-12-08 23:00:00,1.0
2024-12-08 20:00:00,5313.009166666667,6115.1691705033745,802.1600038367078,2024-12-08 22:00:00,2024-12-08 23:00:00,1.0
2024-12-08 21:00:00,5313.009166666667,6148.739957840007,835.7307911733405,2024-12-08 22:00:00,2024-12-08 23:00:00,1.0
2024-12-08 22:00:00,5135.916666666667,6118.987312270126,983.0706456034586,2024-12-09 00:00:00,2024-12-08 23:00:00,1.0
=======
2024-07-18 23:00:00,7279.413333333334,5787.9130859375,-1491.5002473958339,2024-07-19 15:00:00,2024-07-19 17:00:00,2.0
2024-07-19 00:00:00,7279.413333333334,5814.6845703125,-1464.7287630208339,2024-07-19 15:00:00,2024-07-19 16:00:00,1.0
2024-07-19 01:00:00,7279.413333333334,5709.14892578125,-1570.2644075520839,2024-07-19 15:00:00,2024-07-19 17:00:00,2.0
2024-07-19 02:00:00,7279.413333333334,5830.26416015625,-1449.1491731770839,2024-07-19 15:00:00,2024-07-19 15:00:00,0.0
2024-07-19 03:00:00,7279.413333333334,5806.1337890625,-1473.2795442708339,2024-07-19 15:00:00,2024-07-19 16:00:00,1.0
2024-07-19 04:00:00,7279.413333333334,5782.3515625,-1497.0617708333339,2024-07-19 15:00:00,2024-07-19 18:00:00,3.0
2024-07-19 05:00:00,7279.413333333334,5773.44189453125,-1505.9714388020839,2024-07-19 15:00:00,2024-07-19 12:00:00,3.0
2024-07-19 06:00:00,7279.413333333334,5903.427734375,-1375.9855989583339,2024-07-19 15:00:00,2024-07-19 13:00:00,2.0
2024-07-19 07:00:00,7279.413333333334,5841.490234375,-1437.9230989583339,2024-07-19 15:00:00,2024-07-19 14:00:00,1.0
2024-07-19 08:00:00,7279.413333333334,5857.68359375,-1421.7297395833339,2024-07-19 15:00:00,2024-07-19 11:00:00,4.0
2024-07-19 09:00:00,7279.413333333334,5886.5263671875,-1392.8869661458339,2024-07-19 15:00:00,2024-07-19 16:00:00,1.0
2024-07-19 10:00:00,7279.413333333334,6051.73486328125,-1227.6784700520839,2024-07-19 15:00:00,2024-07-19 14:00:00,1.0
2024-07-19 11:00:00,7279.413333333334,6102.8193359375,-1176.5939973958339,2024-07-19 15:00:00,2024-07-19 15:00:00,0.0
2024-07-19 12:00:00,7279.413333333334,6060.6494140625,-1218.7639192708339,2024-07-19 15:00:00,2024-07-19 16:00:00,1.0
2024-07-19 13:00:00,7279.413333333334,6144.59375,-1134.8195833333339,2024-07-19 15:00:00,2024-07-19 17:00:00,2.0
2024-07-19 14:00:00,7279.413333333334,6245.779296875,-1033.6340364583339,2024-07-19 15:00:00,2024-07-19 18:00:00,3.0
2024-07-19 15:00:00,6997.837500000001,6242.302734375,-755.5347656250005,2024-07-19 16:00:00,2024-07-19 19:00:00,3.0
2024-07-19 16:00:00,6898.169999999999,6303.6123046875,-594.5576953124992,2024-07-20 15:00:00,2024-07-19 20:00:00,19.0
2024-07-19 17:00:00,6898.169999999999,6369.4306640625,-528.7393359374992,2024-07-20 15:00:00,2024-07-19 21:00:00,18.0
2024-07-19 18:00:00,6898.169999999999,6217.48095703125,-680.6890429687492,2024-07-20 15:00:00,2024-07-19 22:00:00,17.0
2024-07-19 19:00:00,6898.169999999999,6254.41357421875,-643.7564257812492,2024-07-20 15:00:00,2024-07-19 22:00:00,17.0
2024-07-19 20:00:00,6898.169999999999,6306.380859375,-591.7891406249992,2024-07-20 15:00:00,2024-07-19 23:00:00,16.0
2024-07-19 21:00:00,6898.169999999999,6176.54736328125,-721.6226367187492,2024-07-20 15:00:00,2024-07-20 00:00:00,15.0
2024-07-19 22:00:00,7078.236666666667,6196.4140625,-881.8226041666667,2024-07-20 22:00:00,2024-07-20 15:00:00,7.0
2024-07-19 23:00:00,7175.231111111111,6344.70703125,-830.5240798611112,2024-07-20 23:00:00,2024-07-20 17:00:00,6.0
2024-07-20 00:00:00,7175.231111111111,6354.4990234375,-820.7320876736112,2024-07-20 23:00:00,2024-07-20 18:00:00,5.0
2024-07-20 01:00:00,7175.231111111111,6240.44287109375,-934.7882400173612,2024-07-20 23:00:00,2024-07-20 18:00:00,5.0
2024-07-20 02:00:00,7175.231111111111,6157.86328125,-1017.3678298611112,2024-07-20 23:00:00,2024-07-20 15:00:00,8.0
2024-07-20 03:00:00,7175.231111111111,6220.203125,-955.0279861111112,2024-07-20 23:00:00,2024-07-20 16:00:00,7.0
2024-07-20 04:00:00,7175.231111111111,6165.0146484375,-1010.2164626736112,2024-07-20 23:00:00,2024-07-20 17:00:00,6.0
2024-07-20 05:00:00,7175.231111111111,5997.98291015625,-1177.2482009548612,2024-07-20 23:00:00,2024-07-20 18:00:00,5.0
2024-07-20 06:00:00,7175.231111111111,6024.9921875,-1150.2389236111112,2024-07-20 23:00:00,2024-07-20 13:00:00,10.0
2024-07-20 07:00:00,7175.231111111111,6081.41015625,-1093.8209548611112,2024-07-20 23:00:00,2024-07-20 13:00:00,10.0
2024-07-20 08:00:00,7175.231111111111,6183.27001953125,-991.9610915798612,2024-07-20 23:00:00,2024-07-20 14:00:00,9.0
2024-07-20 09:00:00,7175.231111111111,6150.5771484375,-1024.6539626736112,2024-07-20 23:00:00,2024-07-20 15:00:00,8.0
2024-07-20 10:00:00,7175.231111111111,6094.1982421875,-1081.0328689236112,2024-07-20 23:00:00,2024-07-20 17:00:00,6.0
2024-07-20 11:00:00,7175.231111111111,6037.400390625,-1137.8307204861112,2024-07-20 23:00:00,2024-07-20 18:00:00,5.0
2024-07-20 12:00:00,7175.231111111111,6081.87744140625,-1093.3536697048612,2024-07-20 23:00:00,2024-07-20 13:00:00,10.0
2024-07-20 13:00:00,7175.231111111111,6091.87255859375,-1083.3585525173612,2024-07-20 23:00:00,2024-07-20 14:00:00,9.0
2024-07-20 14:00:00,7175.231111111111,6132.8935546875,-1042.3375564236112,2024-07-20 23:00:00,2024-07-20 15:00:00,8.0
2024-07-20 15:00:00,7175.231111111111,6153.39697265625,-1021.8341384548612,2024-07-20 23:00:00,2024-07-20 16:00:00,7.0
2024-07-20 16:00:00,7175.231111111111,6176.654296875,-998.5768142361112,2024-07-20 23:00:00,2024-07-20 21:00:00,2.0
2024-07-20 17:00:00,7175.231111111111,6126.5234375,-1048.7076736111112,2024-07-20 23:00:00,2024-07-20 18:00:00,5.0
2024-07-20 18:00:00,7175.231111111111,6026.65087890625,-1148.5802322048612,2024-07-20 23:00:00,2024-07-20 19:00:00,4.0
2024-07-20 19:00:00,7175.231111111111,6033.986328125,-1141.2447829861112,2024-07-20 23:00:00,2024-07-20 22:00:00,1.0
2024-07-20 20:00:00,7175.231111111111,5994.529296875,-1180.7018142361112,2024-07-20 23:00:00,2024-07-20 23:00:00,0.0
2024-07-20 21:00:00,7175.231111111111,6076.2236328125,-1099.0074782986112,2024-07-20 23:00:00,2024-07-21 15:00:00,16.0
2024-07-20 22:00:00,7175.231111111111,6321.88427734375,-853.3468337673612,2024-07-20 23:00:00,2024-07-21 16:00:00,17.0
2024-07-20 23:00:00,7059.881666666667,6382.76708984375,-677.1145768229171,2024-07-21 23:00:00,2024-07-21 17:00:00,6.0
2024-07-21 00:00:00,7059.881666666667,6396.4521484375,-663.4295182291671,2024-07-21 23:00:00,2024-07-21 18:00:00,5.0
2024-07-21 01:00:00,7059.881666666667,6290.4375,-769.4441666666671,2024-07-21 23:00:00,2024-07-21 17:00:00,6.0
2024-07-21 02:00:00,7059.881666666667,6236.98046875,-822.9011979166671,2024-07-21 23:00:00,2024-07-21 18:00:00,5.0
2024-07-21 03:00:00,7059.881666666667,6241.10009765625,-818.7815690104171,2024-07-21 23:00:00,2024-07-21 16:00:00,7.0
2024-07-21 04:00:00,7059.881666666667,6216.662109375,-843.2195572916671,2024-07-21 23:00:00,2024-07-21 17:00:00,6.0
2024-07-21 05:00:00,7059.881666666667,6183.39697265625,-876.4846940104171,2024-07-21 23:00:00,2024-07-21 12:00:00,11.0
2024-07-21 06:00:00,7059.881666666667,6235.185546875,-824.6961197916671,2024-07-21 23:00:00,2024-07-21 13:00:00,10.0
2024-07-21 07:00:00,7059.881666666667,6197.25,-862.6316666666671,2024-07-21 23:00:00,2024-07-21 14:00:00,9.0
2024-07-21 08:00:00,7059.881666666667,6270.9326171875,-788.9490494791671,2024-07-21 23:00:00,2024-07-21 14:00:00,9.0
2024-07-21 09:00:00,7059.881666666667,6304.33837890625,-755.5432877604171,2024-07-21 23:00:00,2024-07-21 16:00:00,7.0
2024-07-21 10:00:00,7059.881666666667,6280.2978515625,-779.5838151041671,2024-07-21 23:00:00,2024-07-21 16:00:00,7.0
2024-07-21 11:00:00,7059.881666666667,6252.2392578125,-807.6424088541671,2024-07-21 23:00:00,2024-07-21 19:00:00,4.0
2024-07-21 12:00:00,7059.881666666667,6222.5322265625,-837.3494401041671,2024-07-21 23:00:00,2024-07-21 17:00:00,6.0
2024-07-21 13:00:00,7059.881666666667,6191.4501953125,-868.4314713541671,2024-07-21 23:00:00,2024-07-21 18:00:00,5.0
2024-07-21 14:00:00,7059.881666666667,6222.8447265625,-837.0369401041671,2024-07-21 23:00:00,2024-07-21 19:00:00,4.0
2024-07-21 15:00:00,7059.881666666667,6235.802734375,-824.0789322916671,2024-07-21 23:00:00,2024-07-21 20:00:00,3.0
2024-07-21 16:00:00,7059.881666666667,6287.517578125,-772.3640885416671,2024-07-21 23:00:00,2024-07-21 21:00:00,2.0
2024-07-21 17:00:00,7059.881666666667,6205.6240234375,-854.2576432291671,2024-07-21 23:00:00,2024-07-21 22:00:00,1.0
2024-07-21 18:00:00,7059.881666666667,6128.0927734375,-931.7888932291671,2024-07-21 23:00:00,2024-07-21 19:00:00,4.0
2024-07-21 19:00:00,7059.881666666667,6169.21728515625,-890.6643815104171,2024-07-21 23:00:00,2024-07-22 19:00:00,20.0
2024-07-21 20:00:00,7059.881666666667,6157.3427734375,-902.5388932291671,2024-07-21 23:00:00,2024-07-21 23:00:00,0.0
2024-07-21 21:00:00,7059.881666666667,6127.16259765625,-932.7190690104171,2024-07-21 23:00:00,2024-07-22 15:00:00,16.0
2024-07-21 22:00:00,7059.881666666667,6349.77490234375,-710.1067643229171,2024-07-21 23:00:00,2024-07-22 16:00:00,17.0
2024-07-21 23:00:00,6963.320833333334,6394.8955078125,-568.4253255208341,2024-07-22 12:00:00,2024-07-22 17:00:00,5.0
2024-07-22 00:00:00,6963.320833333334,6388.302734375,-575.0180989583341,2024-07-22 12:00:00,2024-07-22 18:00:00,6.0
2024-07-22 01:00:00,6963.320833333334,6333.03125,-630.2895833333341,2024-07-22 12:00:00,2024-07-22 17:00:00,5.0
2024-07-22 02:00:00,6963.320833333334,6258.7890625,-704.5317708333341,2024-07-22 12:00:00,2024-07-22 15:00:00,3.0
2024-07-22 03:00:00,6963.320833333334,6216.96826171875,-746.3525716145841,2024-07-22 12:00:00,2024-07-22 16:00:00,4.0
2024-07-22 04:00:00,6963.320833333334,6169.3525390625,-793.9682942708341,2024-07-22 12:00:00,2024-07-22 16:00:00,4.0
2024-07-22 05:00:00,6963.320833333334,6179.06787109375,-784.2529622395841,2024-07-22 12:00:00,2024-07-22 17:00:00,5.0
2024-07-22 06:00:00,6963.320833333334,6131.1884765625,-832.1323567708341,2024-07-22 12:00:00,2024-07-22 18:00:00,6.0
2024-07-22 07:00:00,6963.320833333334,6159.19580078125,-804.1250325520841,2024-07-22 12:00:00,2024-07-22 14:00:00,2.0
2024-07-22 08:00:00,6963.320833333334,6261.400390625,-701.9204427083341,2024-07-22 12:00:00,2024-07-22 15:00:00,3.0
2024-07-22 09:00:00,6963.320833333334,6401.013671875,-562.3071614583341,2024-07-22 12:00:00,2024-07-22 16:00:00,4.0
2024-07-22 10:00:00,6963.320833333334,6433.6845703125,-529.6362630208341,2024-07-22 12:00:00,2024-07-22 17:00:00,5.0
2024-07-22 11:00:00,6963.320833333334,6448.48046875,-514.8403645833341,2024-07-22 12:00:00,2024-07-22 18:00:00,6.0
2024-07-22 12:00:00,6715.5025,6527.71875,-187.7837499999996,2024-07-22 22:00:00,2024-07-22 19:00:00,3.0
2024-07-22 13:00:00,6715.5025,6467.90234375,-247.6001562499996,2024-07-22 22:00:00,2024-07-22 20:00:00,2.0
2024-07-22 14:00:00,6748.785833333332,6479.263671875,-269.52216145833245,2024-07-23 14:00:00,2024-07-22 21:00:00,17.0
2024-07-22 15:00:00,6898.761666666666,6378.98193359375,-519.7797330729163,2024-07-23 15:00:00,2024-07-22 22:00:00,17.0
2024-07-22 16:00:00,6898.761666666666,6444.7734375,-453.9882291666663,2024-07-23 15:00:00,2024-07-22 21:00:00,18.0
2024-07-22 17:00:00,6898.761666666666,6455.84765625,-442.9140104166663,2024-07-23 15:00:00,2024-07-22 22:00:00,17.0
2024-07-22 18:00:00,6898.761666666666,6437.99462890625,-460.7670377604163,2024-07-23 15:00:00,2024-07-22 21:00:00,18.0
2024-07-22 19:00:00,6898.761666666666,6472.0029296875,-426.7587369791663,2024-07-23 15:00:00,2024-07-22 22:00:00,17.0
2024-07-22 20:00:00,6898.761666666666,6410.6220703125,-488.1395963541663,2024-07-23 15:00:00,2024-07-22 23:00:00,16.0
2024-07-22 21:00:00,6898.761666666666,6274.34521484375,-624.4164518229163,2024-07-23 15:00:00,2024-07-23 00:00:00,15.0
2024-07-22 22:00:00,7019.615000000001,6385.92578125,-633.6892187500007,2024-07-23 22:00:00,2024-07-23 16:00:00,6.0
2024-07-22 23:00:00,7019.615000000001,6420.6171875,-598.9978125000007,2024-07-23 22:00:00,2024-07-23 17:00:00,5.0
2024-07-23 00:00:00,7019.615000000001,6360.54541015625,-659.0695898437507,2024-07-23 22:00:00,2024-07-23 16:00:00,6.0
2024-07-23 01:00:00,7019.615000000001,6249.4228515625,-770.1921484375007,2024-07-23 22:00:00,2024-07-23 17:00:00,5.0
2024-07-23 02:00:00,7019.615000000001,6225.36181640625,-794.2531835937507,2024-07-23 22:00:00,2024-07-23 16:00:00,6.0
2024-07-23 03:00:00,7019.615000000001,6284.1328125,-735.4821875000007,2024-07-23 22:00:00,2024-07-23 17:00:00,5.0
2024-07-23 04:00:00,7019.615000000001,6244.2001953125,-775.4148046875007,2024-07-23 22:00:00,2024-07-23 18:00:00,4.0
2024-07-23 05:00:00,7019.615000000001,6115.5478515625,-904.0671484375007,2024-07-23 22:00:00,2024-07-23 17:00:00,5.0
2024-07-23 06:00:00,7019.615000000001,6060.54833984375,-959.0666601562507,2024-07-23 22:00:00,2024-07-23 18:00:00,4.0
2024-07-23 07:00:00,7019.615000000001,6103.3505859375,-916.2644140625007,2024-07-23 22:00:00,2024-07-23 14:00:00,8.0
2024-07-23 08:00:00,7019.615000000001,6204.0908203125,-815.5241796875007,2024-07-23 22:00:00,2024-07-23 15:00:00,7.0
2024-07-23 09:00:00,7019.615000000001,6319.57666015625,-700.0383398437507,2024-07-23 22:00:00,2024-07-23 16:00:00,6.0
2024-07-23 10:00:00,7019.615000000001,6342.5361328125,-677.0788671875007,2024-07-23 22:00:00,2024-07-23 17:00:00,5.0
2024-07-23 11:00:00,7019.615000000001,6336.01318359375,-683.6018164062507,2024-07-23 22:00:00,2024-07-23 18:00:00,4.0
2024-07-23 12:00:00,7019.615000000001,6352.484375,-667.1306250000007,2024-07-23 22:00:00,2024-07-23 19:00:00,3.0
2024-07-23 13:00:00,7019.615000000001,6284.1728515625,-735.4421484375007,2024-07-23 22:00:00,2024-07-23 20:00:00,2.0
2024-07-23 14:00:00,7019.615000000001,6278.04736328125,-741.5676367187507,2024-07-23 22:00:00,2024-07-23 21:00:00,1.0
2024-07-23 15:00:00,7019.615000000001,6227.796875,-791.8181250000007,2024-07-23 22:00:00,2024-07-23 22:00:00,0.0
2024-07-23 16:00:00,7019.615000000001,6333.26025390625,-686.3547460937507,2024-07-23 22:00:00,2024-07-23 21:00:00,1.0
2024-07-23 17:00:00,7019.615000000001,6305.896484375,-713.7185156250007,2024-07-23 22:00:00,2024-07-23 20:00:00,2.0
2024-07-23 18:00:00,7019.615000000001,6287.37890625,-732.2360937500007,2024-07-23 22:00:00,2024-07-23 21:00:00,1.0
2024-07-23 19:00:00,7019.615000000001,6339.02587890625,-680.5891210937507,2024-07-23 22:00:00,2024-07-23 22:00:00,0.0
2024-07-23 20:00:00,7019.615000000001,6288.650390625,-730.9646093750007,2024-07-23 22:00:00,2024-07-23 23:00:00,1.0
2024-07-23 21:00:00,7019.615000000001,6293.7119140625,-725.9030859375007,2024-07-23 22:00:00,2024-07-24 15:00:00,17.0
2024-07-23 22:00:00,7011.8154545454545,6474.4169921875,-537.3984623579545,2024-07-23 23:00:00,2024-07-24 16:00:00,17.0
2024-07-24 23:00:00,7018.9158333333335,6408.095703125,-610.8201302083335,2024-07-25 15:00:00,2024-07-25 17:00:00,2.0
2024-07-25 00:00:00,7018.9158333333335,6412.8544921875,-606.0613411458335,2024-07-25 15:00:00,2024-07-25 18:00:00,3.0
2024-07-25 01:00:00,7018.9158333333335,6312.16943359375,-706.7463997395835,2024-07-25 15:00:00,2024-07-25 17:00:00,2.0
2024-07-25 02:00:00,7018.9158333333335,6184.93115234375,-833.9846809895835,2024-07-25 15:00:00,2024-07-25 15:00:00,0.0
2024-07-25 03:00:00,7018.9158333333335,6179.51806640625,-839.3977669270835,2024-07-25 15:00:00,2024-07-25 16:00:00,1.0
2024-07-25 04:00:00,7018.9158333333335,6094.23583984375,-924.6799934895835,2024-07-25 15:00:00,2024-07-25 17:00:00,2.0
2024-07-25 05:00:00,7018.9158333333335,6025.4052734375,-993.5105598958335,2024-07-25 15:00:00,2024-07-25 12:00:00,3.0
2024-07-25 06:00:00,7018.9158333333335,6091.05322265625,-927.8626106770835,2024-07-25 15:00:00,2024-07-25 13:00:00,2.0
2024-07-25 07:00:00,7018.9158333333335,6094.5126953125,-924.4031380208335,2024-07-25 15:00:00,2024-07-25 14:00:00,1.0
2024-07-25 08:00:00,7018.9158333333335,6229.10546875,-789.8103645833335,2024-07-25 15:00:00,2024-07-25 14:00:00,1.0
2024-07-25 09:00:00,7018.9158333333335,6288.44677734375,-730.4690559895835,2024-07-25 15:00:00,2024-07-25 15:00:00,0.0
2024-07-25 10:00:00,7018.9158333333335,6314.9599609375,-703.9558723958335,2024-07-25 15:00:00,2024-07-25 16:00:00,1.0
2024-07-25 11:00:00,7018.9158333333335,6295.3134765625,-723.6023567708335,2024-07-25 15:00:00,2024-07-25 17:00:00,2.0
2024-07-25 12:00:00,7018.9158333333335,6224.77587890625,-794.1399544270835,2024-07-25 15:00:00,2024-07-25 17:00:00,2.0
2024-07-25 13:00:00,7018.9158333333335,6194.44873046875,-824.4671028645835,2024-07-25 15:00:00,2024-07-25 18:00:00,3.0
2024-07-25 14:00:00,7018.9158333333335,6251.58984375,-767.3259895833335,2024-07-25 15:00:00,2024-07-25 19:00:00,4.0
2024-07-25 15:00:00,6973.530833333333,6311.3349609375,-662.1958723958332,2024-07-25 22:00:00,2024-07-25 20:00:00,2.0
2024-07-25 16:00:00,6973.530833333333,6423.55859375,-549.9722395833332,2024-07-25 22:00:00,2024-07-25 21:00:00,1.0
2024-07-25 17:00:00,6973.530833333333,6336.14697265625,-637.3838606770832,2024-07-25 22:00:00,2024-07-25 22:00:00,0.0
2024-07-25 18:00:00,6973.530833333333,6209.99853515625,-763.5322981770832,2024-07-25 22:00:00,2024-07-25 19:00:00,3.0
2024-07-25 19:00:00,6973.530833333333,6203.10205078125,-770.4287825520832,2024-07-25 22:00:00,2024-07-25 22:00:00,0.0
2024-07-25 20:00:00,6973.530833333333,6162.37060546875,-811.1602278645832,2024-07-25 22:00:00,2024-07-25 23:00:00,1.0
2024-07-25 21:00:00,6973.530833333333,6267.59326171875,-705.9375716145832,2024-07-25 22:00:00,2024-07-26 15:00:00,17.0
2024-07-25 22:00:00,6973.419999999999,6471.080078125,-502.33992187499916,2024-07-25 23:00:00,2024-07-26 16:00:00,17.0
2024-07-26 23:00:00,6876.47,6410.6357421875,-465.83425781250025,2024-07-27 14:00:00,2024-07-27 17:00:00,3.0
2024-07-27 00:00:00,6876.47,6384.5029296875,-491.96707031250025,2024-07-27 14:00:00,2024-07-27 16:00:00,2.0
2024-07-27 01:00:00,6876.47,6324.47119140625,-551.9988085937503,2024-07-27 14:00:00,2024-07-27 17:00:00,3.0
2024-07-27 02:00:00,6876.47,6179.0166015625,-697.4533984375003,2024-07-27 14:00:00,2024-07-27 18:00:00,4.0
2024-07-27 03:00:00,6876.47,6188.21484375,-688.2551562500003,2024-07-27 14:00:00,2024-07-27 15:00:00,1.0
2024-07-27 04:00:00,6876.47,6212.1171875,-664.3528125000003,2024-07-27 14:00:00,2024-07-27 18:00:00,4.0
2024-07-27 05:00:00,6876.47,6166.10693359375,-710.3630664062503,2024-07-27 14:00:00,2024-07-27 17:00:00,3.0
2024-07-27 06:00:00,6876.47,6096.78125,-779.6887500000003,2024-07-27 14:00:00,2024-07-27 13:00:00,1.0
2024-07-27 07:00:00,6876.47,6171.533203125,-704.9367968750003,2024-07-27 14:00:00,2024-07-27 14:00:00,0.0
2024-07-27 08:00:00,6876.47,6256.130859375,-620.3391406250003,2024-07-27 14:00:00,2024-07-27 15:00:00,1.0
2024-07-27 09:00:00,6876.47,6335.95556640625,-540.5144335937503,2024-07-27 14:00:00,2024-07-27 16:00:00,2.0
2024-07-27 10:00:00,6876.47,6338.603515625,-537.8664843750003,2024-07-27 14:00:00,2024-07-27 17:00:00,3.0
2024-07-27 11:00:00,6876.47,6310.435546875,-566.0344531250003,2024-07-27 14:00:00,2024-07-27 18:00:00,4.0
2024-07-27 12:00:00,6876.47,6336.83642578125,-539.6335742187503,2024-07-27 14:00:00,2024-07-27 19:00:00,5.0
2024-07-27 13:00:00,6876.47,6280.84716796875,-595.6228320312503,2024-07-27 14:00:00,2024-07-27 20:00:00,6.0
2024-07-27 14:00:00,6747.529090909092,6266.10009765625,-481.4289932528418,2024-07-27 23:00:00,2024-07-27 21:00:00,2.0
2024-07-27 15:00:00,6747.529090909092,6210.52978515625,-536.9993057528418,2024-07-27 23:00:00,2024-07-27 20:00:00,3.0
2024-07-27 16:00:00,6747.529090909092,6271.2724609375,-476.2566299715918,2024-07-27 23:00:00,2024-07-27 21:00:00,2.0
2024-07-27 17:00:00,6747.529090909092,6249.2099609375,-498.3191299715918,2024-07-27 23:00:00,2024-07-27 18:00:00,5.0
2024-07-27 18:00:00,6747.529090909092,6176.4287109375,-571.1003799715918,2024-07-27 23:00:00,2024-07-27 21:00:00,2.0
2024-07-27 19:00:00,6747.529090909092,6183.09814453125,-564.4309463778418,2024-07-27 23:00:00,2024-07-27 22:00:00,1.0
2024-07-27 20:00:00,6747.529090909092,6106.625,-640.9040909090918,2024-07-27 23:00:00,2024-07-27 23:00:00,0.0
2024-07-27 21:00:00,6766.256666666667,6116.5146484375,-649.7420182291671,2024-07-28 21:00:00,2024-07-28 15:00:00,6.0
2024-07-27 22:00:00,7020.555,6259.212890625,-761.3421093750003,2024-07-28 22:00:00,2024-07-28 16:00:00,6.0
2024-07-27 23:00:00,7093.96,6299.3779296875,-794.5820703125,2024-07-28 23:00:00,2024-07-28 17:00:00,6.0
2024-07-28 00:00:00,7093.96,6274.75390625,-819.20609375,2024-07-28 23:00:00,2024-07-28 16:00:00,7.0
2024-07-28 01:00:00,7093.96,6226.02392578125,-867.93607421875,2024-07-28 23:00:00,2024-07-28 17:00:00,6.0
2024-07-28 02:00:00,7093.96,6132.82861328125,-961.13138671875,2024-07-28 23:00:00,2024-07-28 16:00:00,7.0
2024-07-28 03:00:00,7093.96,6183.978515625,-909.981484375,2024-07-28 23:00:00,2024-07-28 17:00:00,6.0
2024-07-28 04:00:00,7093.96,6137.625,-956.335,2024-07-28 23:00:00,2024-07-28 18:00:00,5.0
2024-07-28 05:00:00,7093.96,6023.2119140625,-1070.7480859375,2024-07-28 23:00:00,2024-07-28 17:00:00,6.0
2024-07-28 06:00:00,7093.96,6066.595703125,-1027.364296875,2024-07-28 23:00:00,2024-07-28 13:00:00,10.0
2024-07-28 07:00:00,7093.96,6099.1806640625,-994.7793359375,2024-07-28 23:00:00,2024-07-28 13:00:00,10.0
2024-07-28 08:00:00,7093.96,6236.869140625,-857.090859375,2024-07-28 23:00:00,2024-07-28 14:00:00,9.0
2024-07-28 09:00:00,7093.96,6262.97021484375,-830.98978515625,2024-07-28 23:00:00,2024-07-28 16:00:00,7.0
2024-07-28 10:00:00,7093.96,6244.271484375,-849.688515625,2024-07-28 23:00:00,2024-07-28 17:00:00,6.0
2024-07-28 11:00:00,7093.96,6172.1171875,-921.8428125,2024-07-28 23:00:00,2024-07-28 18:00:00,5.0
2024-07-28 12:00:00,7093.96,6144.6845703125,-949.2754296875,2024-07-28 23:00:00,2024-07-28 17:00:00,6.0
2024-07-28 13:00:00,7093.96,6096.07568359375,-997.88431640625,2024-07-28 23:00:00,2024-07-28 18:00:00,5.0
2024-07-28 14:00:00,7287.760833333334,6126.9189453125,-1160.8418880208337,2024-07-29 14:00:00,2024-07-28 19:00:00,19.0
2024-07-28 15:00:00,7589.474166666667,6167.8427734375,-1421.6313932291669,2024-07-29 15:00:00,2024-07-28 20:00:00,19.0
2024-07-28 16:00:00,7589.474166666667,6190.0986328125,-1399.3755338541669,2024-07-29 15:00:00,2024-07-28 21:00:00,18.0
2024-07-28 17:00:00,7589.474166666667,6091.0732421875,-1498.4009244791669,2024-07-29 15:00:00,2024-07-28 22:00:00,17.0
2024-07-28 18:00:00,7589.474166666667,6013.8369140625,-1575.6372526041669,2024-07-29 15:00:00,2024-07-28 19:00:00,20.0
2024-07-28 19:00:00,7589.474166666667,5938.0146484375,-1651.4595182291669,2024-07-29 15:00:00,2024-07-28 22:00:00,17.0
2024-07-28 20:00:00,7589.474166666667,5886.84716796875,-1702.6269986979169,2024-07-29 15:00:00,2024-07-28 23:00:00,16.0
2024-07-28 21:00:00,7589.474166666667,6074.6708984375,-1514.8032682291669,2024-07-29 15:00:00,2024-07-29 15:00:00,0.0
2024-07-28 22:00:00,7634.945454545454,6284.1640625,-1350.7813920454537,2024-07-29 22:00:00,2024-07-29 16:00:00,6.0
2024-07-29 23:00:00,7904.763333333333,6889.7802734375,-1014.9830598958333,2024-07-30 15:00:00,2024-07-30 17:00:00,2.0
2024-07-30 00:00:00,7904.763333333333,6871.23828125,-1033.5250520833333,2024-07-30 15:00:00,2024-07-30 18:00:00,3.0
2024-07-30 01:00:00,7904.763333333333,6798.548828125,-1106.2145052083333,2024-07-30 15:00:00,2024-07-30 17:00:00,2.0
2024-07-30 02:00:00,7904.763333333333,6817.0634765625,-1087.6998567708333,2024-07-30 15:00:00,2024-07-30 15:00:00,0.0
2024-07-30 03:00:00,7904.763333333333,6859.3447265625,-1045.4186067708333,2024-07-30 15:00:00,2024-07-30 16:00:00,1.0
2024-07-30 04:00:00,7904.763333333333,6812.09033203125,-1092.6730013020833,2024-07-30 15:00:00,2024-07-30 17:00:00,2.0
2024-07-30 05:00:00,7904.763333333333,6710.8505859375,-1193.9127473958333,2024-07-30 15:00:00,2024-07-30 19:00:00,4.0
2024-07-30 06:00:00,7904.763333333333,6664.9853515625,-1239.7779817708333,2024-07-30 15:00:00,2024-07-30 13:00:00,2.0
2024-07-30 07:00:00,7904.763333333333,6732.82763671875,-1171.9356966145833,2024-07-30 15:00:00,2024-07-30 14:00:00,1.0
2024-07-30 08:00:00,7904.763333333333,6860.22265625,-1044.5406770833333,2024-07-30 15:00:00,2024-07-30 15:00:00,0.0
2024-07-30 09:00:00,7904.763333333333,6945.39892578125,-959.3644075520833,2024-07-30 15:00:00,2024-07-30 16:00:00,1.0
2024-07-30 10:00:00,7904.763333333333,6985.5576171875,-919.2057161458333,2024-07-30 15:00:00,2024-07-30 17:00:00,2.0
2024-07-30 11:00:00,7904.763333333333,7001.20458984375,-903.5587434895833,2024-07-30 15:00:00,2024-07-30 18:00:00,3.0
2024-07-30 12:00:00,7904.763333333333,6965.6689453125,-939.0943880208333,2024-07-30 15:00:00,2024-07-30 19:00:00,4.0
2024-07-30 13:00:00,7904.763333333333,6900.5234375,-1004.2398958333333,2024-07-30 15:00:00,2024-07-30 20:00:00,5.0
2024-07-30 14:00:00,7904.763333333333,6941.7119140625,-963.0514192708333,2024-07-30 15:00:00,2024-07-30 21:00:00,6.0
2024-07-30 15:00:00,8108.8516666666665,7051.63330078125,-1057.2183658854165,2024-07-31 15:00:00,2024-07-30 16:00:00,23.0
2024-07-30 16:00:00,8108.8516666666665,7141.82666015625,-967.0250065104165,2024-07-31 15:00:00,2024-07-30 17:00:00,22.0
2024-07-30 17:00:00,8108.8516666666665,7167.3408203125,-941.5108463541665,2024-07-31 15:00:00,2024-07-30 18:00:00,21.0
2024-07-30 18:00:00,8108.8516666666665,7032.5390625,-1076.3126041666665,2024-07-31 15:00:00,2024-07-30 21:00:00,18.0
2024-07-30 19:00:00,8108.8516666666665,7048.58984375,-1060.2618229166665,2024-07-31 15:00:00,2024-07-30 22:00:00,17.0
2024-07-30 20:00:00,8108.8516666666665,7052.62353515625,-1056.2281315104165,2024-07-31 15:00:00,2024-07-30 23:00:00,16.0
2024-07-30 21:00:00,8108.8516666666665,6979.986328125,-1128.8653385416665,2024-07-31 15:00:00,2024-07-31 15:00:00,0.0
2024-07-30 22:00:00,8108.8516666666665,7230.3134765625,-878.5381901041665,2024-07-31 15:00:00,2024-07-31 16:00:00,1.0
2024-07-30 23:00:00,8108.8516666666665,7283.0517578125,-825.7999088541665,2024-07-31 15:00:00,2024-07-31 17:00:00,2.0
2024-07-31 00:00:00,8108.8516666666665,7237.9248046875,-870.9268619791665,2024-07-31 15:00:00,2024-07-31 18:00:00,3.0
2024-07-31 01:00:00,8108.8516666666665,7117.806640625,-991.0450260416665,2024-07-31 15:00:00,2024-07-31 19:00:00,4.0
2024-07-31 02:00:00,8108.8516666666665,6937.39990234375,-1171.4517643229165,2024-07-31 15:00:00,2024-07-31 18:00:00,3.0
2024-07-31 03:00:00,8108.8516666666665,7022.23681640625,-1086.6148502604165,2024-07-31 15:00:00,2024-07-31 16:00:00,1.0
2024-07-31 04:00:00,8108.8516666666665,6961.03515625,-1147.8165104166665,2024-07-31 15:00:00,2024-07-31 17:00:00,2.0
2024-07-31 05:00:00,8108.8516666666665,6914.6455078125,-1194.2061588541665,2024-07-31 15:00:00,2024-07-31 17:00:00,2.0
2024-07-31 06:00:00,8108.8516666666665,6906.013671875,-1202.8379947916665,2024-07-31 15:00:00,2024-07-31 13:00:00,2.0
2024-07-31 07:00:00,8108.8516666666665,6962.79638671875,-1146.0552799479165,2024-07-31 15:00:00,2024-07-31 14:00:00,1.0
2024-07-31 08:00:00,8108.8516666666665,7031.615234375,-1077.2364322916665,2024-07-31 15:00:00,2024-07-31 15:00:00,0.0
2024-07-31 09:00:00,8108.8516666666665,7132.39697265625,-976.4546940104165,2024-07-31 15:00:00,2024-07-31 16:00:00,1.0
2024-07-31 10:00:00,8108.8516666666665,7142.19921875,-966.6524479166665,2024-07-31 15:00:00,2024-07-31 17:00:00,2.0
2024-07-31 11:00:00,8108.8516666666665,7178.1865234375,-930.6651432291665,2024-07-31 15:00:00,2024-07-31 17:00:00,2.0
2024-07-31 12:00:00,8108.8516666666665,7141.7119140625,-967.1397526041665,2024-07-31 15:00:00,2024-07-31 19:00:00,4.0
2024-07-31 13:00:00,8108.8516666666665,7052.3310546875,-1056.5206119791665,2024-07-31 15:00:00,2024-07-31 20:00:00,5.0
2024-07-31 14:00:00,8108.8516666666665,7102.2001953125,-1006.6514713541665,2024-07-31 15:00:00,2024-07-31 15:00:00,0.0
2024-07-31 15:00:00,7869.428333333333,7174.400390625,-695.0279427083333,2024-07-31 16:00:00,2024-07-31 16:00:00,0.0
2024-07-31 16:00:00,7420.330833333333,7263.0390625,-157.29177083333343,2024-07-31 17:00:00,2024-07-31 21:00:00,4.0
2024-07-31 17:00:00,6788.360000000001,7239.458984375,451.0989843749994,2024-07-31 18:00:00,2024-07-31 18:00:00,0.0
2024-07-31 18:00:00,5792.715454545455,7152.37109375,1359.655639204545,2024-07-31 23:00:00,2024-07-31 21:00:00,2.0
2024-07-31 19:00:00,5792.715454545455,7004.46484375,1211.749389204545,2024-07-31 23:00:00,2024-07-31 22:00:00,1.0
2024-07-31 20:00:00,5792.715454545455,6790.2861328125,997.570678267045,2024-07-31 23:00:00,2024-07-31 23:00:00,0.0
2024-07-31 21:00:00,5792.715454545455,6656.7314453125,864.015990767045,2024-07-31 23:00:00,2024-08-01 15:00:00,16.0
2024-07-31 22:00:00,5792.715454545455,6754.6337890625,961.918334517045,2024-07-31 23:00:00,2024-08-01 16:00:00,17.0
2024-07-31 23:00:00,5199.455833333333,6729.18359375,1529.7277604166666,2024-08-01 10:00:00,2024-08-01 17:00:00,7.0
2024-08-01 00:00:00,5199.455833333333,6316.9169921875,1117.4611588541666,2024-08-01 10:00:00,2024-08-01 12:00:00,2.0
2024-08-01 01:00:00,5199.455833333333,6032.55615234375,833.1003190104166,2024-08-01 10:00:00,2024-08-01 17:00:00,7.0
2024-08-01 02:00:00,5199.455833333333,5654.9609375,455.50510416666657,2024-08-01 10:00:00,2024-08-01 18:00:00,8.0
2024-08-01 03:00:00,5199.455833333333,5501.8232421875,302.36740885416657,2024-08-01 10:00:00,2024-08-01 15:00:00,5.0
2024-08-01 04:00:00,5199.455833333333,5305.02392578125,105.56809244791657,2024-08-01 10:00:00,2024-08-01 16:00:00,6.0
2024-08-01 05:00:00,5199.455833333333,5134.18701171875,-65.26882161458343,2024-08-01 10:00:00,2024-08-01 15:00:00,5.0
2024-08-01 06:00:00,5199.455833333333,5277.919921875,78.46408854166657,2024-08-01 10:00:00,2024-08-01 16:00:00,6.0
2024-08-01 07:00:00,5199.455833333333,5422.58203125,223.12619791666657,2024-08-01 10:00:00,2024-08-01 13:00:00,3.0
2024-08-01 08:00:00,5199.455833333333,5521.28369140625,321.82785807291657,2024-08-01 10:00:00,2024-08-01 14:00:00,4.0
2024-08-01 09:00:00,5199.455833333333,5380.4384765625,180.98264322916657,2024-08-01 10:00:00,2024-08-01 14:00:00,4.0
2024-08-01 10:00:00,5162.175,5432.01611328125,269.8411132812498,2024-08-01 11:00:00,2024-08-01 15:00:00,4.0
2024-08-01 11:00:00,4978.030833333333,5387.228515625,409.19768229166675,2024-08-01 12:00:00,2024-08-01 16:00:00,4.0
2024-08-01 12:00:00,4661.333333333333,5230.4697265625,569.136393229167,2024-08-02 10:00:00,2024-08-01 17:00:00,17.0
2024-08-01 13:00:00,4661.333333333333,5050.34912109375,389.01578776041697,2024-08-02 10:00:00,2024-08-01 18:00:00,16.0
2024-08-01 14:00:00,4661.333333333333,4909.64892578125,248.31559244791697,2024-08-02 10:00:00,2024-08-01 19:00:00,15.0
2024-08-01 15:00:00,4661.333333333333,4869.93310546875,208.59977213541697,2024-08-02 10:00:00,2024-08-01 20:00:00,14.0
2024-08-01 16:00:00,4661.333333333333,4710.80859375,49.47526041666697,2024-08-02 10:00:00,2024-08-01 21:00:00,13.0
2024-08-01 17:00:00,4661.333333333333,4645.37255859375,-15.96077473958303,2024-08-02 10:00:00,2024-08-01 18:00:00,16.0
2024-08-01 18:00:00,4661.333333333333,4624.33642578125,-36.99690755208303,2024-08-02 10:00:00,2024-08-01 19:00:00,15.0
2024-08-01 19:00:00,4661.333333333333,4581.24609375,-80.08723958333303,2024-08-02 10:00:00,2024-08-02 11:00:00,1.0
2024-08-01 20:00:00,4661.333333333333,4692.72998046875,31.39664713541697,2024-08-02 10:00:00,2024-08-02 12:00:00,2.0
2024-08-01 21:00:00,4661.333333333333,4744.96728515625,83.63395182291697,2024-08-02 10:00:00,2024-08-02 13:00:00,3.0
2024-08-01 22:00:00,4661.333333333333,4688.06591796875,26.73258463541697,2024-08-02 10:00:00,2024-08-02 14:00:00,4.0
2024-08-01 23:00:00,4661.333333333333,4649.37109375,-11.96223958333303,2024-08-02 10:00:00,2024-08-02 15:00:00,5.0
2024-08-02 00:00:00,4661.333333333333,4441.7080078125,-219.62532552083303,2024-08-02 10:00:00,2024-08-02 16:00:00,6.0
2024-08-02 01:00:00,4661.333333333333,4135.3125,-526.020833333333,2024-08-02 10:00:00,2024-08-02 17:00:00,7.0
2024-08-02 02:00:00,4661.333333333333,4218.02294921875,-443.31038411458303,2024-08-02 10:00:00,2024-08-02 17:00:00,7.0
2024-08-02 03:00:00,4661.333333333333,4191.6982421875,-469.63509114583303,2024-08-02 10:00:00,2024-08-02 18:00:00,8.0
2024-08-02 04:00:00,4661.333333333333,4102.546875,-558.786458333333,2024-08-02 10:00:00,2024-08-02 17:00:00,7.0
2024-08-02 05:00:00,4661.333333333333,3967.68017578125,-693.653157552083,2024-08-02 10:00:00,2024-08-02 13:00:00,3.0
2024-08-02 06:00:00,4661.333333333333,4374.6796875,-286.65364583333303,2024-08-02 10:00:00,2024-08-02 12:00:00,2.0
2024-08-02 07:00:00,4661.333333333333,4435.33837890625,-225.99495442708303,2024-08-02 10:00:00,2024-08-02 13:00:00,3.0
2024-08-02 08:00:00,4661.333333333333,4432.59814453125,-228.73518880208303,2024-08-02 10:00:00,2024-08-02 14:00:00,4.0
2024-08-02 09:00:00,4661.333333333333,4601.42333984375,-59.90999348958303,2024-08-02 10:00:00,2024-08-02 14:00:00,4.0
2024-08-02 10:00:00,4488.2891666666665,4441.73876953125,-46.55039713541646,2024-08-02 11:00:00,2024-08-02 14:00:00,3.0
2024-08-02 11:00:00,4366.410833333333,4592.16552734375,225.75469401041664,2024-08-03 09:00:00,2024-08-02 15:00:00,18.0
2024-08-02 12:00:00,4366.410833333333,4631.98681640625,265.57598307291664,2024-08-03 09:00:00,2024-08-02 16:00:00,17.0
2024-08-02 13:00:00,4366.410833333333,4545.08447265625,178.67363932291664,2024-08-03 09:00:00,2024-08-02 17:00:00,16.0
2024-08-02 14:00:00,4366.410833333333,4281.232421875,-85.17841145833336,2024-08-03 09:00:00,2024-08-02 18:00:00,15.0
2024-08-02 15:00:00,4366.410833333333,4050.299072265625,-316.11176106770836,2024-08-03 09:00:00,2024-08-02 19:00:00,14.0
2024-08-02 16:00:00,4366.410833333333,4081.07958984375,-285.33124348958336,2024-08-03 09:00:00,2024-08-03 14:00:00,5.0
2024-08-02 17:00:00,4366.410833333333,4316.4375,-49.97333333333336,2024-08-03 09:00:00,2024-08-03 15:00:00,6.0
2024-08-02 18:00:00,4366.410833333333,4227.91552734375,-138.49530598958336,2024-08-03 09:00:00,2024-08-03 16:00:00,7.0
2024-08-02 19:00:00,4366.410833333333,3900.195556640625,-466.21527669270836,2024-08-03 09:00:00,2024-08-03 17:00:00,8.0
2024-08-02 20:00:00,4366.410833333333,3977.3681640625,-389.04266927083336,2024-08-03 09:00:00,2024-08-03 12:00:00,3.0
2024-08-02 21:00:00,4366.410833333333,4096.7998046875,-269.61102864583336,2024-08-03 09:00:00,2024-08-03 13:00:00,4.0
2024-08-02 22:00:00,4366.410833333333,4076.53662109375,-289.87421223958336,2024-08-03 09:00:00,2024-08-03 14:00:00,5.0
2024-08-03 23:00:00,4312.531666666667,4254.2587890625,-58.27287760416675,2024-08-04 15:00:00,2024-08-04 10:00:00,5.0
2024-08-04 00:00:00,6118.200833333333,4474.40185546875,-1643.7989778645833,2024-08-05 00:00:00,2024-08-04 11:00:00,13.0
2024-08-04 01:00:00,6118.200833333333,4491.8037109375,-1626.3971223958333,2024-08-05 00:00:00,2024-08-04 12:00:00,12.0
2024-08-04 02:00:00,6118.200833333333,4589.23388671875,-1528.9669466145833,2024-08-05 00:00:00,2024-08-04 16:00:00,8.0
2024-08-04 03:00:00,6118.200833333333,4553.8671875,-1564.3336458333333,2024-08-05 00:00:00,2024-08-04 17:00:00,7.0
2024-08-04 04:00:00,6118.200833333333,4386.72265625,-1731.4781770833333,2024-08-05 00:00:00,2024-08-04 11:00:00,13.0
2024-08-04 05:00:00,6118.200833333333,4456.28515625,-1661.9156770833333,2024-08-05 00:00:00,2024-08-04 12:00:00,12.0
2024-08-04 06:00:00,6118.200833333333,4525.17919921875,-1593.0216341145833,2024-08-05 00:00:00,2024-08-04 13:00:00,11.0
2024-08-04 07:00:00,6118.200833333333,4391.62109375,-1726.5797395833333,2024-08-05 00:00:00,2024-08-04 11:00:00,13.0
2024-08-04 08:00:00,6118.200833333333,4349.68408203125,-1768.5167513020833,2024-08-05 00:00:00,2024-08-04 12:00:00,12.0
2024-08-04 09:00:00,6118.200833333333,4459.5810546875,-1658.6197786458333,2024-08-05 00:00:00,2024-08-04 13:00:00,11.0
2024-08-04 10:00:00,6118.200833333333,4431.19873046875,-1687.0021028645833,2024-08-05 00:00:00,2024-08-04 14:00:00,10.0
2024-08-04 11:00:00,6118.200833333333,4550.28125,-1567.9195833333333,2024-08-05 00:00:00,2024-08-04 15:00:00,9.0
2024-08-04 12:00:00,6118.200833333333,4583.2587890625,-1534.9420442708333,2024-08-05 00:00:00,2024-08-04 16:00:00,8.0
2024-08-04 13:00:00,6118.200833333333,4480.5400390625,-1637.6607942708333,2024-08-05 00:00:00,2024-08-04 14:00:00,10.0
2024-08-04 14:00:00,6118.200833333333,4480.1865234375,-1638.0143098958333,2024-08-05 00:00:00,2024-08-05 14:00:00,14.0
2024-08-04 15:00:00,6321.549166666667,4623.2646484375,-1698.2845182291667,2024-08-05 15:00:00,2024-08-05 15:00:00,0.0
2024-08-04 16:00:00,6321.549166666667,4737.3193359375,-1584.2298307291667,2024-08-05 15:00:00,2024-08-05 16:00:00,1.0
2024-08-04 17:00:00,6321.549166666667,4892.3681640625,-1429.1810026041667,2024-08-05 15:00:00,2024-08-05 17:00:00,2.0
2024-08-04 18:00:00,6321.549166666667,4842.74462890625,-1478.8045377604167,2024-08-05 15:00:00,2024-08-05 18:00:00,3.0
2024-08-04 19:00:00,6321.549166666667,4900.94873046875,-1420.6004361979167,2024-08-05 15:00:00,2024-08-05 19:00:00,4.0
2024-08-04 20:00:00,6321.549166666667,4861.33203125,-1460.2171354166667,2024-08-05 15:00:00,2024-08-05 17:00:00,2.0
2024-08-04 21:00:00,6321.549166666667,4984.5078125,-1337.0413541666667,2024-08-05 15:00:00,2024-08-05 18:00:00,3.0
2024-08-04 22:00:00,6321.549166666667,4954.2421875,-1367.3069791666667,2024-08-05 15:00:00,2024-08-05 19:00:00,4.0
2024-08-04 23:00:00,6321.549166666667,4921.515625,-1400.0335416666667,2024-08-05 15:00:00,2024-08-05 20:00:00,5.0
2024-08-05 00:00:00,7220.8125,5201.3251953125,-2019.4873046875,2024-08-06 00:00:00,2024-08-05 14:00:00,10.0
2024-08-05 01:00:00,7220.8125,5541.49853515625,-1679.31396484375,2024-08-06 00:00:00,2024-08-05 15:00:00,9.0
2024-08-05 02:00:00,7220.8125,5665.8427734375,-1554.9697265625,2024-08-06 00:00:00,2024-08-05 16:00:00,8.0
2024-08-05 03:00:00,7220.8125,5539.5673828125,-1681.2451171875,2024-08-06 00:00:00,2024-08-05 17:00:00,7.0
2024-08-05 04:00:00,7220.8125,5435.958984375,-1784.853515625,2024-08-06 00:00:00,2024-08-05 18:00:00,6.0
2024-08-05 05:00:00,7220.8125,5634.9580078125,-1585.8544921875,2024-08-06 00:00:00,2024-08-05 09:00:00,15.0
2024-08-05 06:00:00,7220.8125,5932.966796875,-1287.845703125,2024-08-06 00:00:00,2024-08-05 10:00:00,14.0
2024-08-05 07:00:00,7220.8125,5981.9541015625,-1238.8583984375,2024-08-06 00:00:00,2024-08-05 11:00:00,13.0
2024-08-05 08:00:00,7220.8125,6092.58935546875,-1128.22314453125,2024-08-06 00:00:00,2024-08-05 12:00:00,12.0
2024-08-05 09:00:00,7220.8125,6000.64111328125,-1220.17138671875,2024-08-06 00:00:00,2024-08-05 13:00:00,11.0
2024-08-05 10:00:00,7220.8125,5986.349609375,-1234.462890625,2024-08-06 00:00:00,2024-08-05 14:00:00,10.0
2024-08-05 11:00:00,7220.8125,5777.298828125,-1443.513671875,2024-08-06 00:00:00,2024-08-05 15:00:00,9.0
2024-08-05 12:00:00,7220.8125,5578.0234375,-1642.7890625,2024-08-06 00:00:00,2024-08-06 12:00:00,12.0
2024-08-05 13:00:00,7220.8125,5664.8798828125,-1555.9326171875,2024-08-06 00:00:00,2024-08-06 10:00:00,10.0
2024-08-05 14:00:00,7220.8125,6014.232421875,-1206.580078125,2024-08-06 00:00:00,2024-08-06 11:00:00,11.0
2024-08-05 15:00:00,7220.8125,5961.30859375,-1259.50390625,2024-08-06 00:00:00,2024-08-06 12:00:00,12.0
2024-08-05 16:00:00,7220.8125,6068.5966796875,-1152.2158203125,2024-08-06 00:00:00,2024-08-06 13:00:00,13.0
2024-08-05 17:00:00,7220.8125,6165.88671875,-1054.92578125,2024-08-06 00:00:00,2024-08-06 14:00:00,14.0
2024-08-05 18:00:00,7220.8125,6207.58984375,-1013.22265625,2024-08-06 00:00:00,2024-08-06 15:00:00,15.0
2024-08-05 19:00:00,7220.8125,6334.2392578125,-886.5732421875,2024-08-06 00:00:00,2024-08-06 16:00:00,16.0
2024-08-05 20:00:00,7220.8125,6417.7919921875,-803.0205078125,2024-08-06 00:00:00,2024-08-06 11:00:00,11.0
2024-08-05 21:00:00,7220.8125,6610.337890625,-610.474609375,2024-08-06 00:00:00,2024-08-06 12:00:00,12.0
2024-08-05 22:00:00,7220.8125,6510.23583984375,-710.57666015625,2024-08-06 00:00:00,2024-08-06 13:00:00,13.0
2024-08-05 23:00:00,7220.8125,6320.83251953125,-899.97998046875,2024-08-06 00:00:00,2024-08-06 14:00:00,14.0
2024-08-06 00:00:00,6972.572727272727,6319.9365234375,-652.6362038352272,2024-08-06 23:00:00,2024-08-06 15:00:00,8.0
2024-08-06 01:00:00,6972.572727272727,6551.0107421875,-421.5619850852272,2024-08-06 23:00:00,2024-08-06 16:00:00,7.0
2024-08-06 02:00:00,6972.572727272727,6642.71337890625,-329.8593483664772,2024-08-06 23:00:00,2024-08-06 16:00:00,7.0
2024-08-06 03:00:00,6972.572727272727,6815.873046875,-156.6996803977272,2024-08-06 23:00:00,2024-08-06 10:00:00,13.0
2024-08-06 04:00:00,6972.572727272727,6633.4033203125,-339.1694069602272,2024-08-06 23:00:00,2024-08-06 18:00:00,5.0
2024-08-06 05:00:00,6972.572727272727,6647.6494140625,-324.9233132102272,2024-08-06 23:00:00,2024-08-06 16:00:00,7.0
2024-08-06 06:00:00,6972.572727272727,6642.0205078125,-330.5522194602272,2024-08-06 23:00:00,2024-08-06 17:00:00,6.0
2024-08-06 07:00:00,6972.572727272727,6817.78662109375,-154.7861061789772,2024-08-06 23:00:00,2024-08-06 18:00:00,5.0
2024-08-06 08:00:00,6972.572727272727,6599.380859375,-373.1918678977272,2024-08-06 23:00:00,2024-08-06 19:00:00,4.0
2024-08-06 09:00:00,6972.572727272727,6583.35986328125,-389.2128639914772,2024-08-06 23:00:00,2024-08-06 11:00:00,12.0
2024-08-06 10:00:00,6972.572727272727,6503.44775390625,-469.1249733664772,2024-08-06 23:00:00,2024-08-07 10:00:00,11.0
2024-08-06 11:00:00,6972.572727272727,6368.640625,-603.9321022727272,2024-08-06 23:00:00,2024-08-06 12:00:00,11.0
2024-08-06 12:00:00,6972.572727272727,6411.380859375,-561.1918678977272,2024-08-06 23:00:00,2024-08-06 13:00:00,10.0
2024-08-06 13:00:00,6972.572727272727,6372.3515625,-600.2211647727272,2024-08-06 23:00:00,2024-08-06 14:00:00,9.0
2024-08-06 14:00:00,6972.572727272727,6532.970703125,-439.6020241477272,2024-08-06 23:00:00,2024-08-06 15:00:00,8.0
2024-08-06 15:00:00,6972.572727272727,6380.751953125,-591.8207741477272,2024-08-06 23:00:00,2024-08-06 20:00:00,3.0
2024-08-06 16:00:00,6972.572727272727,6709.66015625,-262.9125710227272,2024-08-06 23:00:00,2024-08-06 22:00:00,1.0
2024-08-06 17:00:00,6972.572727272727,6946.73583984375,-25.836887428977207,2024-08-06 23:00:00,2024-08-06 23:00:00,0.0
2024-08-06 18:00:00,6972.572727272727,6913.35595703125,-59.21677024147721,2024-08-06 23:00:00,2024-08-07 00:00:00,1.0
2024-08-06 19:00:00,6972.572727272727,6712.08740234375,-260.4853249289772,2024-08-06 23:00:00,2024-08-07 13:00:00,14.0
2024-08-06 20:00:00,6972.572727272727,6693.3798828125,-279.1928444602272,2024-08-06 23:00:00,2024-08-07 14:00:00,15.0
2024-08-06 21:00:00,6972.572727272727,6680.0703125,-292.5024147727272,2024-08-06 23:00:00,2024-08-07 12:00:00,13.0
2024-08-06 22:00:00,6972.572727272727,6700.02880859375,-272.5439186789772,2024-08-06 23:00:00,2024-08-07 13:00:00,14.0
2024-08-06 23:00:00,5721.299090909091,6645.107421875,923.8083309659087,2024-08-07 23:00:00,2024-08-07 11:00:00,12.0
2024-08-07 00:00:00,5721.299090909091,6677.525390625,956.2262997159087,2024-08-07 23:00:00,2024-08-07 12:00:00,11.0
2024-08-07 01:00:00,5721.299090909091,6504.2197265625,782.9206356534087,2024-08-07 23:00:00,2024-08-07 13:00:00,10.0
2024-08-07 02:00:00,5721.299090909091,6283.33837890625,562.0392879971587,2024-08-07 23:00:00,2024-08-07 14:00:00,9.0
2024-08-07 03:00:00,5721.299090909091,6334.1337890625,612.8346981534087,2024-08-07 23:00:00,2024-08-07 15:00:00,8.0
2024-08-07 04:00:00,5721.299090909091,6287.9091796875,566.6100887784087,2024-08-07 23:00:00,2024-08-07 16:00:00,7.0
2024-08-07 05:00:00,5721.299090909091,6115.021484375,393.7223934659087,2024-08-07 23:00:00,2024-08-07 07:00:00,16.0
2024-08-07 06:00:00,5721.299090909091,6008.333984375,287.0348934659087,2024-08-07 23:00:00,2024-08-07 08:00:00,15.0
2024-08-07 07:00:00,5721.299090909091,6057.8212890625,336.5221981534087,2024-08-07 23:00:00,2024-08-07 13:00:00,10.0
2024-08-07 08:00:00,5721.299090909091,6303.75732421875,582.4582333096587,2024-08-07 23:00:00,2024-08-07 14:00:00,9.0
2024-08-07 09:00:00,5721.299090909091,6183.40087890625,462.1017879971587,2024-08-07 23:00:00,2024-08-07 15:00:00,8.0
2024-08-07 10:00:00,5721.299090909091,6109.36865234375,388.0695614346587,2024-08-07 23:00:00,2024-08-07 16:00:00,7.0
2024-08-07 11:00:00,5721.299090909091,5862.24609375,140.94700284090868,2024-08-07 23:00:00,2024-08-07 12:00:00,11.0
2024-08-07 12:00:00,5765.581666666666,5806.7958984375,41.214231770833976,2024-08-08 12:00:00,2024-08-07 13:00:00,23.0
2024-08-07 13:00:00,5765.581666666666,5538.15625,-227.42541666666602,2024-08-08 12:00:00,2024-08-07 22:00:00,14.0
2024-08-07 14:00:00,6112.265,5586.0751953125,-526.1898046875003,2024-08-08 14:00:00,2024-08-07 19:00:00,19.0
2024-08-07 15:00:00,6112.265,5695.240234375,-417.0247656250003,2024-08-08 14:00:00,2024-08-07 20:00:00,18.0
2024-08-07 16:00:00,6112.265,5516.03125,-596.2337500000003,2024-08-08 14:00:00,2024-08-07 22:00:00,16.0
2024-08-07 17:00:00,6112.265,5546.7900390625,-565.4749609375003,2024-08-08 14:00:00,2024-08-07 23:00:00,15.0
2024-08-07 18:00:00,6112.265,5547.365234375,-564.8997656250003,2024-08-08 14:00:00,2024-08-07 19:00:00,19.0
2024-08-07 19:00:00,6112.265,5512.6650390625,-599.5999609375003,2024-08-08 14:00:00,2024-08-08 13:00:00,1.0
2024-08-07 20:00:00,6112.265,5353.474609375,-758.7903906250003,2024-08-08 14:00:00,2024-08-08 14:00:00,0.0
2024-08-07 21:00:00,6112.265,5235.85498046875,-876.4100195312503,2024-08-08 14:00:00,2024-08-08 15:00:00,1.0
2024-08-07 22:00:00,6112.265,5137.0146484375,-975.2503515625003,2024-08-08 14:00:00,2024-08-08 14:00:00,0.0
2024-08-07 23:00:00,6112.265,5318.9453125,-793.3196875000003,2024-08-08 14:00:00,2024-08-08 11:00:00,3.0
2024-08-08 00:00:00,6112.265,5443.2744140625,-668.9905859375003,2024-08-08 14:00:00,2024-08-08 12:00:00,2.0
2024-08-08 01:00:00,6112.265,5465.73193359375,-646.5330664062503,2024-08-08 14:00:00,2024-08-08 13:00:00,1.0
2024-08-08 02:00:00,6112.265,5298.087890625,-814.1771093750003,2024-08-08 14:00:00,2024-08-08 14:00:00,0.0
2024-08-08 03:00:00,6112.265,5225.736328125,-886.5286718750003,2024-08-08 14:00:00,2024-08-08 15:00:00,1.0
2024-08-08 04:00:00,6112.265,5460.30712890625,-651.9578710937503,2024-08-08 14:00:00,2024-08-08 12:00:00,2.0
2024-08-08 05:00:00,6112.265,5506.4296875,-605.8353125000003,2024-08-08 14:00:00,2024-08-08 13:00:00,1.0
2024-08-08 06:00:00,6112.265,5308.130859375,-804.1341406250003,2024-08-08 14:00:00,2024-08-08 14:00:00,0.0
2024-08-08 07:00:00,6112.265,5195.48388671875,-916.7811132812503,2024-08-08 14:00:00,2024-08-08 09:00:00,5.0
2024-08-08 08:00:00,6112.265,5036.11474609375,-1076.1502539062503,2024-08-08 14:00:00,2024-08-08 14:00:00,0.0
2024-08-08 09:00:00,6112.265,5074.44140625,-1037.8235937500003,2024-08-08 14:00:00,2024-08-08 10:00:00,4.0
2024-08-08 10:00:00,6112.265,5170.4375,-941.8275000000003,2024-08-08 14:00:00,2024-08-08 11:00:00,3.0
2024-08-08 11:00:00,6112.265,5204.56689453125,-907.6981054687503,2024-08-08 14:00:00,2024-08-08 12:00:00,2.0
2024-08-08 12:00:00,6112.265,5281.2900390625,-830.9749609375003,2024-08-08 14:00:00,2024-08-08 13:00:00,1.0
2024-08-08 13:00:00,6112.265,5380.7294921875,-731.5355078125003,2024-08-08 14:00:00,2024-08-08 14:00:00,0.0
2024-08-08 14:00:00,6108.31,5386.904296875,-721.4057031250004,2024-08-08 15:00:00,2024-08-08 15:00:00,0.0
2024-08-08 15:00:00,6034.358333333334,5591.9921875,-442.3661458333336,2024-08-08 16:00:00,2024-08-08 16:00:00,0.0
2024-08-08 16:00:00,5923.1925,5606.20751953125,-316.9849804687501,2024-08-08 22:00:00,2024-08-08 17:00:00,5.0
2024-08-08 17:00:00,5923.1925,5487.1484375,-436.0440625000001,2024-08-08 22:00:00,2024-08-08 18:00:00,4.0
2024-08-08 18:00:00,5923.1925,5476.353515625,-446.8389843750001,2024-08-08 22:00:00,2024-08-08 19:00:00,3.0
2024-08-08 19:00:00,5923.1925,5244.0458984375,-679.1466015625001,2024-08-08 22:00:00,2024-08-08 21:00:00,1.0
2024-08-08 20:00:00,5923.1925,5099.2001953125,-823.9923046875001,2024-08-08 22:00:00,2024-08-08 21:00:00,1.0
2024-08-08 21:00:00,5923.1925,5230.703125,-692.4893750000001,2024-08-08 22:00:00,2024-08-09 14:00:00,16.0
2024-08-08 22:00:00,5918.583333333333,5278.7158203125,-639.867513020833,2024-08-08 23:00:00,2024-08-09 15:00:00,16.0
2024-08-08 23:00:00,5087.036363636364,5334.0751953125,247.0388316761364,2024-08-09 23:00:00,2024-08-09 16:00:00,7.0
2024-08-09 00:00:00,5217.9675,5303.56640625,85.59890625000025,2024-08-10 00:00:00,2024-08-09 13:00:00,11.0
2024-08-09 01:00:00,5217.9675,5326.1416015625,108.17410156250025,2024-08-10 00:00:00,2024-08-09 14:00:00,10.0
2024-08-09 02:00:00,5217.9675,5258.474609375,40.507109375000255,2024-08-10 00:00:00,2024-08-09 04:00:00,20.0
2024-08-09 03:00:00,5217.9675,5173.05859375,-44.908906249999745,2024-08-10 00:00:00,2024-08-09 05:00:00,19.0
2024-08-09 04:00:00,5217.9675,5225.18701171875,7.219511718750255,2024-08-10 00:00:00,2024-08-09 12:00:00,12.0
2024-08-09 05:00:00,5217.9675,5123.12451171875,-94.84298828124975,2024-08-10 00:00:00,2024-08-09 13:00:00,11.0
2024-08-09 06:00:00,5217.9675,5010.142578125,-207.82492187499975,2024-08-10 00:00:00,2024-08-09 08:00:00,16.0
2024-08-09 07:00:00,5217.9675,4940.484375,-277.48312499999975,2024-08-10 00:00:00,2024-08-09 14:00:00,10.0
2024-08-09 08:00:00,5217.9675,4822.125,-395.84249999999975,2024-08-10 00:00:00,2024-08-09 15:00:00,9.0
2024-08-09 09:00:00,5217.9675,4926.60302734375,-291.36447265624975,2024-08-10 00:00:00,2024-08-09 10:00:00,14.0
2024-08-09 10:00:00,5217.9675,5099.740234375,-118.22726562499975,2024-08-10 00:00:00,2024-08-09 11:00:00,13.0
2024-08-09 11:00:00,5273.340833333333,5138.1181640625,-135.22266927083274,2024-08-10 11:00:00,2024-08-09 12:00:00,23.0
2024-08-09 12:00:00,5314.275000000001,5153.65966796875,-160.61533203125055,2024-08-10 12:00:00,2024-08-09 13:00:00,23.0
2024-08-09 13:00:00,5314.275000000001,5218.7509765625,-95.52402343750055,2024-08-10 12:00:00,2024-08-09 14:00:00,22.0
2024-08-09 14:00:00,5421.9574999999995,5171.03662109375,-250.92087890624953,2024-08-10 14:00:00,2024-08-09 15:00:00,23.0
2024-08-09 15:00:00,5579.921666666666,5104.919921875,-475.00174479166617,2024-08-10 15:00:00,2024-08-09 16:00:00,23.0
2024-08-09 16:00:00,5579.921666666666,5058.1005859375,-521.8210807291662,2024-08-10 15:00:00,2024-08-09 17:00:00,22.0
2024-08-09 17:00:00,5579.921666666666,4848.1611328125,-731.7605338541662,2024-08-10 15:00:00,2024-08-09 18:00:00,21.0
2024-08-09 18:00:00,5579.921666666666,4657.51953125,-922.4021354166662,2024-08-10 15:00:00,2024-08-09 19:00:00,20.0
2024-08-09 19:00:00,5579.921666666666,4434.5478515625,-1145.3738151041662,2024-08-10 15:00:00,2024-08-09 20:00:00,19.0
2024-08-09 20:00:00,5579.921666666666,4461.3212890625,-1118.6003776041662,2024-08-10 15:00:00,2024-08-10 13:00:00,2.0
2024-08-09 21:00:00,5579.921666666666,4594.6474609375,-985.2742057291662,2024-08-10 15:00:00,2024-08-10 14:00:00,1.0
2024-08-09 22:00:00,5579.921666666666,4741.4326171875,-838.4890494791662,2024-08-10 15:00:00,2024-08-10 15:00:00,0.0
2024-08-14 23:00:00,5707.886666666666,5869.98095703125,162.09429036458369,2024-08-15 00:00:00,2024-08-15 15:00:00,15.0
2024-08-15 00:00:00,5359.910833333333,5881.7412109375,521.8303776041666,2024-08-15 01:00:00,2024-08-15 16:00:00,15.0
2024-08-15 01:00:00,5342.939090909091,5868.1103515625,525.1712606534093,2024-08-15 23:00:00,2024-08-15 17:00:00,6.0
2024-08-15 02:00:00,5342.939090909091,5854.6162109375,511.67712002840926,2024-08-15 23:00:00,2024-08-15 18:00:00,5.0
2024-08-15 03:00:00,5342.939090909091,5814.47607421875,471.53698330965926,2024-08-15 23:00:00,2024-08-15 15:00:00,8.0
2024-08-15 04:00:00,5342.939090909091,5821.6611328125,478.72204190340926,2024-08-15 23:00:00,2024-08-15 16:00:00,7.0
2024-08-15 05:00:00,5342.939090909091,5841.0546875,498.11559659090926,2024-08-15 23:00:00,2024-08-15 11:00:00,12.0
2024-08-15 06:00:00,5342.939090909091,6001.740234375,658.8011434659093,2024-08-15 23:00:00,2024-08-15 12:00:00,11.0
2024-08-15 07:00:00,5342.939090909091,6114.58056640625,771.6414754971593,2024-08-15 23:00:00,2024-08-15 13:00:00,10.0
2024-08-15 08:00:00,5342.939090909091,6102.8193359375,759.8802450284093,2024-08-15 23:00:00,2024-08-15 14:00:00,9.0
2024-08-15 09:00:00,5342.939090909091,5958.1484375,615.2093465909093,2024-08-15 23:00:00,2024-08-15 15:00:00,8.0
2024-08-15 10:00:00,5524.073333333334,5839.357421875,315.2840885416663,2024-08-16 10:00:00,2024-08-15 16:00:00,18.0
2024-08-15 11:00:00,5857.825,5637.4521484375,-220.37285156249982,2024-08-16 11:00:00,2024-08-15 15:00:00,20.0
2024-08-15 12:00:00,6007.107499999999,5512.5029296875,-494.60457031249916,2024-08-16 12:00:00,2024-08-15 16:00:00,20.0
2024-08-15 13:00:00,6007.107499999999,5454.85400390625,-552.2534960937492,2024-08-16 12:00:00,2024-08-15 22:00:00,14.0
2024-08-15 14:00:00,6303.326666666667,5333.63916015625,-969.6875065104168,2024-08-16 14:00:00,2024-08-16 11:00:00,3.0
2024-08-15 15:00:00,6492.676666666666,5310.5302734375,-1182.1463932291663,2024-08-16 15:00:00,2024-08-16 12:00:00,3.0
2024-08-15 16:00:00,6492.676666666666,5366.94140625,-1125.7352604166663,2024-08-16 15:00:00,2024-08-16 13:00:00,2.0
2024-08-15 17:00:00,6492.676666666666,5420.3505859375,-1072.3260807291663,2024-08-16 15:00:00,2024-08-16 14:00:00,1.0
2024-08-15 18:00:00,6492.676666666666,5440.728515625,-1051.9481510416663,2024-08-16 15:00:00,2024-08-16 15:00:00,0.0
2024-08-15 19:00:00,6492.676666666666,5455.7900390625,-1036.8866276041663,2024-08-16 15:00:00,2024-08-16 16:00:00,1.0
2024-08-15 20:00:00,6492.676666666666,5385.1796875,-1107.4969791666663,2024-08-16 15:00:00,2024-08-16 17:00:00,2.0
2024-08-15 21:00:00,6492.676666666666,5263.791015625,-1228.8856510416663,2024-08-16 15:00:00,2024-08-16 18:00:00,3.0
2024-08-15 22:00:00,6492.676666666666,5099.8642578125,-1392.8124088541663,2024-08-16 15:00:00,2024-08-16 19:00:00,4.0
2024-08-15 23:00:00,6492.676666666666,5129.01953125,-1363.6571354166663,2024-08-16 15:00:00,2024-08-16 11:00:00,4.0
2024-08-16 00:00:00,6492.676666666666,5251.416015625,-1241.2606510416663,2024-08-16 15:00:00,2024-08-16 12:00:00,3.0
2024-08-16 01:00:00,6492.676666666666,5185.966796875,-1306.7098697916663,2024-08-16 15:00:00,2024-08-16 13:00:00,2.0
2024-08-16 02:00:00,6492.676666666666,5141.72265625,-1350.9540104166663,2024-08-16 15:00:00,2024-08-16 14:00:00,1.0
2024-08-16 03:00:00,6492.676666666666,5175.654296875,-1317.0223697916663,2024-08-16 15:00:00,2024-08-16 15:00:00,0.0
2024-08-16 04:00:00,6492.676666666666,5099.26171875,-1393.4149479166663,2024-08-16 15:00:00,2024-08-16 16:00:00,1.0
2024-08-16 05:00:00,6492.676666666666,5165.24072265625,-1327.4359440104163,2024-08-16 15:00:00,2024-08-16 17:00:00,2.0
2024-08-16 06:00:00,6492.676666666666,5145.8447265625,-1346.8319401041663,2024-08-16 15:00:00,2024-08-16 18:00:00,3.0
2024-08-16 07:00:00,6492.676666666666,5153.7392578125,-1338.9374088541663,2024-08-16 15:00:00,2024-08-16 19:00:00,4.0
2024-08-16 08:00:00,6492.676666666666,5145.6787109375,-1346.9979557291663,2024-08-16 15:00:00,2024-08-16 20:00:00,5.0
2024-08-16 09:00:00,6492.676666666666,5101.27197265625,-1391.4046940104163,2024-08-16 15:00:00,2024-08-16 17:00:00,2.0
2024-08-16 10:00:00,6492.676666666666,5040.3740234375,-1452.3026432291663,2024-08-16 15:00:00,2024-08-16 18:00:00,3.0
2024-08-16 11:00:00,6492.676666666666,5027.42578125,-1465.2508854166663,2024-08-16 15:00:00,2024-08-16 16:00:00,1.0
2024-08-16 12:00:00,6492.676666666666,5057.11279296875,-1435.5638736979163,2024-08-16 15:00:00,2024-08-16 17:00:00,2.0
2024-08-16 13:00:00,6492.676666666666,5080.45556640625,-1412.2211002604163,2024-08-16 15:00:00,2024-08-16 15:00:00,0.0
2024-08-16 14:00:00,6492.676666666666,5311.830078125,-1180.8465885416663,2024-08-16 15:00:00,2024-08-16 20:00:00,5.0
2024-08-16 15:00:00,6303.1466666666665,5470.48974609375,-832.6569205729165,2024-08-16 16:00:00,2024-08-16 17:00:00,1.0
2024-08-16 16:00:00,6262.339,5540.17236328125,-722.1666367187499,2024-08-16 23:00:00,2024-08-16 18:00:00,5.0
2024-08-16 17:00:00,6262.339,5595.85791015625,-666.4810898437499,2024-08-16 23:00:00,2024-08-16 19:00:00,4.0
2024-08-16 18:00:00,6262.339,5543.873046875,-718.4659531249999,2024-08-16 23:00:00,2024-08-16 20:00:00,3.0
2024-08-16 19:00:00,6262.339,5504.38427734375,-757.9547226562499,2024-08-16 23:00:00,2024-08-16 21:00:00,2.0
2024-08-16 20:00:00,6262.339,5483.76318359375,-778.5758164062499,2024-08-16 23:00:00,2024-08-17 13:00:00,14.0
2024-08-16 21:00:00,6262.339,5693.17333984375,-569.1656601562499,2024-08-16 23:00:00,2024-08-17 14:00:00,15.0
2024-08-16 22:00:00,6262.339,5707.1552734375,-555.1837265624999,2024-08-16 23:00:00,2024-08-17 13:00:00,14.0
2024-08-16 23:00:00,6183.692727272727,5810.642578125,-373.0501491477271,2024-08-17 23:00:00,2024-08-17 11:00:00,12.0
2024-08-17 00:00:00,6183.692727272727,5836.55615234375,-347.1365749289771,2024-08-17 23:00:00,2024-08-17 12:00:00,11.0
2024-08-17 01:00:00,6183.692727272727,5815.7041015625,-367.9886257102271,2024-08-17 23:00:00,2024-08-17 13:00:00,10.0
2024-08-17 02:00:00,6183.692727272727,5716.4453125,-467.2474147727271,2024-08-17 23:00:00,2024-08-17 14:00:00,9.0
2024-08-17 03:00:00,6183.692727272727,5678.24658203125,-505.4461452414771,2024-08-17 23:00:00,2024-08-17 14:00:00,9.0
2024-08-17 04:00:00,6183.692727272727,5753.49169921875,-430.2010280539771,2024-08-17 23:00:00,2024-08-17 15:00:00,8.0
2024-08-17 05:00:00,6183.692727272727,5831.6142578125,-352.0784694602271,2024-08-17 23:00:00,2024-08-17 16:00:00,7.0
2024-08-17 06:00:00,6183.692727272727,5824.29296875,-359.3997585227271,2024-08-17 23:00:00,2024-08-17 17:00:00,6.0
2024-08-17 07:00:00,6183.692727272727,5724.89990234375,-458.7928249289771,2024-08-17 23:00:00,2024-08-17 18:00:00,5.0
2024-08-17 08:00:00,6183.692727272727,5605.89501953125,-577.7977077414771,2024-08-17 23:00:00,2024-08-17 15:00:00,8.0
2024-08-17 09:00:00,6183.692727272727,5615.6435546875,-568.0491725852271,2024-08-17 23:00:00,2024-08-17 16:00:00,7.0
2024-08-17 10:00:00,6183.692727272727,5631.6474609375,-552.0452663352271,2024-08-17 23:00:00,2024-08-17 11:00:00,12.0
2024-08-17 11:00:00,6183.692727272727,5737.78173828125,-445.9109889914771,2024-08-17 23:00:00,2024-08-17 12:00:00,11.0
2024-08-17 12:00:00,6183.692727272727,5848.880859375,-334.8118678977271,2024-08-17 23:00:00,2024-08-17 13:00:00,10.0
2024-08-17 13:00:00,6183.692727272727,5951.431640625,-232.2610866477271,2024-08-17 23:00:00,2024-08-17 14:00:00,9.0
2024-08-17 14:00:00,6183.692727272727,6042.25390625,-141.4388210227271,2024-08-17 23:00:00,2024-08-17 15:00:00,8.0
2024-08-17 15:00:00,6183.692727272727,6114.7626953125,-68.9300319602271,2024-08-17 23:00:00,2024-08-17 16:00:00,7.0
2024-08-17 16:00:00,6183.692727272727,6063.20703125,-120.4856960227271,2024-08-17 23:00:00,2024-08-17 17:00:00,6.0
2024-08-17 17:00:00,6183.692727272727,5940.31591796875,-243.3768093039771,2024-08-17 23:00:00,2024-08-17 18:00:00,5.0
2024-08-17 18:00:00,6183.692727272727,5856.7041015625,-326.9886257102271,2024-08-17 23:00:00,2024-08-17 19:00:00,4.0
2024-08-17 19:00:00,6183.692727272727,5664.78515625,-518.9075710227271,2024-08-17 23:00:00,2024-08-17 20:00:00,3.0
2024-08-17 20:00:00,6183.692727272727,5518.638671875,-665.0540553977271,2024-08-17 23:00:00,2024-08-17 21:00:00,2.0
2024-08-17 21:00:00,6183.692727272727,5645.4931640625,-538.1995632102271,2024-08-17 23:00:00,2024-08-18 14:00:00,15.0
2024-08-17 22:00:00,6250.579166666666,5670.3017578125,-580.2774088541664,2024-08-18 22:00:00,2024-08-18 15:00:00,7.0
2024-08-17 23:00:00,6350.152222222223,5688.78076171875,-661.3714605034729,2024-08-18 23:00:00,2024-08-18 16:00:00,7.0
2024-08-18 00:00:00,6350.152222222223,5721.087890625,-629.0643315972229,2024-08-18 23:00:00,2024-08-18 17:00:00,6.0
2024-08-18 01:00:00,6350.152222222223,5687.76171875,-662.3905034722229,2024-08-18 23:00:00,2024-08-18 18:00:00,5.0
2024-08-18 02:00:00,6350.152222222223,5545.5908203125,-804.5614019097229,2024-08-18 23:00:00,2024-08-18 19:00:00,4.0
2024-08-18 03:00:00,6350.152222222223,5525.41357421875,-824.7386480034729,2024-08-18 23:00:00,2024-08-18 20:00:00,3.0
2024-08-18 04:00:00,6350.152222222223,5433.4970703125,-916.6551519097229,2024-08-18 23:00:00,2024-08-18 21:00:00,2.0
2024-08-18 05:00:00,6350.152222222223,5376.5654296875,-973.5867925347229,2024-08-18 23:00:00,2024-08-18 12:00:00,11.0
2024-08-18 06:00:00,6350.152222222223,5351.27783203125,-998.8743901909729,2024-08-18 23:00:00,2024-08-18 13:00:00,10.0
2024-08-18 07:00:00,6350.152222222223,5332.7119140625,-1017.4403081597229,2024-08-18 23:00:00,2024-08-18 13:00:00,10.0
2024-08-18 08:00:00,6350.152222222223,5317.6513671875,-1032.500855034723,2024-08-18 23:00:00,2024-08-18 14:00:00,9.0
2024-08-18 09:00:00,6350.152222222223,5372.279296875,-977.8729253472229,2024-08-18 23:00:00,2024-08-18 10:00:00,13.0
2024-08-18 10:00:00,6350.152222222223,5663.57666015625,-686.5755620659729,2024-08-18 23:00:00,2024-08-18 11:00:00,12.0
2024-08-18 11:00:00,6350.152222222223,5788.69140625,-561.4608159722229,2024-08-18 23:00:00,2024-08-18 12:00:00,11.0
2024-08-18 12:00:00,6350.152222222223,5818.6865234375,-531.4656987847229,2024-08-18 23:00:00,2024-08-18 13:00:00,10.0
2024-08-18 13:00:00,6350.152222222223,5709.43017578125,-640.7220464409729,2024-08-18 23:00:00,2024-08-18 14:00:00,9.0
2024-08-18 14:00:00,6350.152222222223,5683.8232421875,-666.3289800347229,2024-08-18 23:00:00,2024-08-18 15:00:00,8.0
2024-08-18 15:00:00,6350.152222222223,5631.6611328125,-718.4910894097229,2024-08-18 23:00:00,2024-08-18 16:00:00,7.0
2024-08-18 16:00:00,6350.152222222223,5560.1494140625,-790.0028081597229,2024-08-18 23:00:00,2024-08-18 17:00:00,6.0
2024-08-18 17:00:00,6350.152222222223,5464.93359375,-885.2186284722229,2024-08-18 23:00:00,2024-08-18 18:00:00,5.0
2024-08-18 18:00:00,6350.152222222223,5319.716796875,-1030.435425347223,2024-08-18 23:00:00,2024-08-18 19:00:00,4.0
2024-08-18 19:00:00,6350.152222222223,5343.0654296875,-1007.0867925347229,2024-08-18 23:00:00,2024-08-19 14:00:00,15.0
2024-08-18 20:00:00,6350.152222222223,5362.56396484375,-987.5882573784729,2024-08-18 23:00:00,2024-08-19 15:00:00,16.0
2024-08-18 21:00:00,6350.152222222223,5337.771484375,-1012.3807378472229,2024-08-18 23:00:00,2024-08-19 15:00:00,16.0
2024-08-18 22:00:00,6350.152222222223,5385.826171875,-964.3260503472229,2024-08-18 23:00:00,2024-08-19 16:00:00,17.0
2024-08-18 23:00:00,6077.5225,5345.6240234375,-731.8984765625,2024-08-19 00:00:00,2024-08-19 17:00:00,17.0
2024-08-19 00:00:00,6009.115454545455,5380.2314453125,-628.8840092329547,2024-08-19 23:00:00,2024-08-19 16:00:00,7.0
2024-08-19 01:00:00,6009.115454545455,5357.8916015625,-651.2238529829547,2024-08-19 23:00:00,2024-08-19 17:00:00,6.0
2024-08-19 02:00:00,6009.115454545455,5483.4189453125,-525.6965092329547,2024-08-19 23:00:00,2024-08-19 15:00:00,8.0
2024-08-19 03:00:00,6009.115454545455,5434.154296875,-574.9611576704547,2024-08-19 23:00:00,2024-08-19 16:00:00,7.0
2024-08-19 04:00:00,6009.115454545455,5376.88623046875,-632.2292240767047,2024-08-19 23:00:00,2024-08-19 14:00:00,9.0
2024-08-19 05:00:00,6009.115454545455,5367.3173828125,-641.7980717329547,2024-08-19 23:00:00,2024-08-19 12:00:00,11.0
2024-08-19 06:00:00,6009.115454545455,5479.2470703125,-529.8683842329547,2024-08-19 23:00:00,2024-08-19 09:00:00,14.0
2024-08-19 07:00:00,6009.115454545455,5616.970703125,-392.14475142045467,2024-08-19 23:00:00,2024-08-19 10:00:00,13.0
2024-08-19 08:00:00,6009.115454545455,5665.5791015625,-343.53635298295467,2024-08-19 23:00:00,2024-08-19 11:00:00,12.0
2024-08-19 09:00:00,6009.115454545455,5647.87890625,-361.23654829545467,2024-08-19 23:00:00,2024-08-19 12:00:00,11.0
2024-08-19 10:00:00,6009.115454545455,5549.32080078125,-459.79465376420467,2024-08-19 23:00:00,2024-08-19 14:00:00,9.0
2024-08-19 11:00:00,6009.115454545455,5586.5419921875,-422.57346235795467,2024-08-19 23:00:00,2024-08-19 15:00:00,8.0
2024-08-19 12:00:00,6009.115454545455,5500.08251953125,-509.03293501420467,2024-08-19 23:00:00,2024-08-19 16:00:00,7.0
2024-08-19 13:00:00,6009.115454545455,5549.76904296875,-459.34641157670467,2024-08-19 23:00:00,2024-08-19 14:00:00,9.0
2024-08-19 14:00:00,6009.115454545455,5571.73193359375,-437.38352095170467,2024-08-19 23:00:00,2024-08-19 18:00:00,5.0
2024-08-19 15:00:00,6009.115454545455,5540.68359375,-468.43186079545467,2024-08-19 23:00:00,2024-08-19 19:00:00,4.0
2024-08-19 16:00:00,6009.115454545455,5546.28271484375,-462.83273970170467,2024-08-19 23:00:00,2024-08-19 20:00:00,3.0
2024-08-19 17:00:00,6009.115454545455,5541.05078125,-468.06467329545467,2024-08-19 23:00:00,2024-08-19 21:00:00,2.0
2024-08-19 18:00:00,6009.115454545455,5395.2998046875,-613.8156498579547,2024-08-19 23:00:00,2024-08-19 22:00:00,1.0
2024-08-19 19:00:00,6009.115454545455,5320.65234375,-688.4631107954547,2024-08-19 23:00:00,2024-08-20 19:00:00,20.0
2024-08-19 20:00:00,6009.115454545455,5253.55322265625,-755.5622318892047,2024-08-19 23:00:00,2024-08-19 23:00:00,0.0
2024-08-19 21:00:00,6009.115454545455,5188.1767578125,-820.9386967329547,2024-08-19 23:00:00,2024-08-19 22:00:00,1.0
2024-08-19 22:00:00,6009.115454545455,5278.8720703125,-730.2433842329547,2024-08-19 23:00:00,2024-08-20 16:00:00,17.0
2024-08-19 23:00:00,5881.32,5391.44140625,-489.8785937499997,2024-08-20 15:00:00,2024-08-20 17:00:00,2.0
2024-08-20 00:00:00,5881.32,5413.08935546875,-468.2306445312497,2024-08-20 15:00:00,2024-08-20 18:00:00,3.0
2024-08-20 01:00:00,5881.32,5418.85498046875,-462.4650195312497,2024-08-20 15:00:00,2024-08-20 13:00:00,2.0
2024-08-20 02:00:00,5881.32,5392.9775390625,-488.3424609374997,2024-08-20 15:00:00,2024-08-20 15:00:00,0.0
2024-08-20 03:00:00,5881.32,5357.85546875,-523.4645312499997,2024-08-20 15:00:00,2024-08-20 16:00:00,1.0
2024-08-20 04:00:00,5881.32,5285.3662109375,-595.9537890624997,2024-08-20 15:00:00,2024-08-20 16:00:00,1.0
2024-08-20 05:00:00,5881.32,5325.7197265625,-555.6002734374997,2024-08-20 15:00:00,2024-08-20 17:00:00,2.0
2024-08-20 06:00:00,5881.32,5334.3193359375,-547.0006640624997,2024-08-20 15:00:00,2024-08-20 13:00:00,2.0
2024-08-20 07:00:00,5881.32,5329.435546875,-551.8844531249997,2024-08-20 15:00:00,2024-08-20 14:00:00,1.0
2024-08-20 08:00:00,5881.32,5376.68505859375,-504.6349414062497,2024-08-20 15:00:00,2024-08-20 15:00:00,0.0
2024-08-20 09:00:00,5881.32,5429.3681640625,-451.9518359374997,2024-08-20 15:00:00,2024-08-20 16:00:00,1.0
2024-08-20 10:00:00,5881.32,5410.5517578125,-470.7682421874997,2024-08-20 15:00:00,2024-08-20 18:00:00,3.0
2024-08-20 11:00:00,5881.32,5412.44189453125,-468.8781054687497,2024-08-20 15:00:00,2024-08-20 19:00:00,4.0
2024-08-20 12:00:00,5881.32,5407.609375,-473.7106249999997,2024-08-20 15:00:00,2024-08-20 19:00:00,4.0
2024-08-20 13:00:00,5881.32,5387.34521484375,-493.9747851562497,2024-08-20 15:00:00,2024-08-20 20:00:00,5.0
2024-08-20 14:00:00,6240.05,5426.04052734375,-814.0094726562502,2024-08-21 14:00:00,2024-08-20 21:00:00,17.0
2024-08-20 15:00:00,6459.829166666666,5380.3701171875,-1079.4590494791664,2024-08-21 15:00:00,2024-08-20 22:00:00,17.0
2024-08-20 16:00:00,6459.829166666666,5473.86865234375,-985.9605143229164,2024-08-21 15:00:00,2024-08-20 21:00:00,18.0
2024-08-20 17:00:00,6459.829166666666,5438.4765625,-1021.3526041666664,2024-08-21 15:00:00,2024-08-20 22:00:00,17.0
2024-08-20 18:00:00,6459.829166666666,5337.759765625,-1122.0694010416664,2024-08-21 15:00:00,2024-08-20 19:00:00,20.0
2024-08-20 19:00:00,6459.829166666666,5339.755859375,-1120.0733072916664,2024-08-21 15:00:00,2024-08-20 22:00:00,17.0
2024-08-20 20:00:00,6459.829166666666,5354.51123046875,-1105.3179361979164,2024-08-21 15:00:00,2024-08-20 23:00:00,16.0
2024-08-20 21:00:00,6459.829166666666,5344.68212890625,-1115.1470377604164,2024-08-21 15:00:00,2024-08-21 15:00:00,0.0
2024-08-20 22:00:00,6459.829166666666,5439.17724609375,-1020.6519205729164,2024-08-21 15:00:00,2024-08-21 16:00:00,1.0
2024-08-22 23:00:00,6048.301666666666,6165.8056640625,117.50399739583372,2024-08-23 00:00:00,2024-08-23 17:00:00,17.0
2024-08-23 00:00:00,5796.178333333333,6132.94873046875,336.7703971354167,2024-08-23 15:00:00,2024-08-23 18:00:00,3.0
2024-08-23 01:00:00,5796.178333333333,5992.0224609375,195.84412760416672,2024-08-23 15:00:00,2024-08-23 13:00:00,2.0
2024-08-23 02:00:00,5796.178333333333,6021.3671875,225.18885416666672,2024-08-23 15:00:00,2024-08-23 15:00:00,0.0
2024-08-23 03:00:00,5796.178333333333,6050.9384765625,254.76014322916672,2024-08-23 15:00:00,2024-08-23 16:00:00,1.0
2024-08-23 04:00:00,5796.178333333333,5953.533203125,157.35486979166672,2024-08-23 15:00:00,2024-08-23 17:00:00,2.0
2024-08-23 05:00:00,5796.178333333333,5853.298828125,57.120494791666715,2024-08-23 15:00:00,2024-08-23 12:00:00,3.0
2024-08-23 06:00:00,5796.178333333333,5906.54248046875,110.36414713541672,2024-08-23 15:00:00,2024-08-23 13:00:00,2.0
2024-08-23 07:00:00,5796.178333333333,6036.666015625,240.48768229166672,2024-08-23 15:00:00,2024-08-23 13:00:00,2.0
2024-08-23 08:00:00,5796.178333333333,6123.8193359375,327.6410026041667,2024-08-23 15:00:00,2024-08-23 14:00:00,1.0
2024-08-23 09:00:00,5796.178333333333,6161.82421875,365.6458854166667,2024-08-23 15:00:00,2024-08-23 15:00:00,0.0
2024-08-23 10:00:00,5796.178333333333,6161.2275390625,365.0492057291667,2024-08-23 15:00:00,2024-08-23 16:00:00,1.0
2024-08-23 11:00:00,5796.178333333333,6124.45458984375,328.2762565104167,2024-08-23 15:00:00,2024-08-23 17:00:00,2.0
2024-08-23 12:00:00,5796.178333333333,6031.1474609375,234.96912760416672,2024-08-23 15:00:00,2024-08-23 18:00:00,3.0
2024-08-23 13:00:00,5796.178333333333,5908.935546875,112.75721354166672,2024-08-23 15:00:00,2024-08-23 19:00:00,4.0
2024-08-23 14:00:00,5860.55,5880.9228515625,20.372851562499818,2024-08-24 14:00:00,2024-08-23 15:00:00,23.0
2024-08-23 15:00:00,5969.554166666666,5837.06982421875,-132.48434244791588,2024-08-24 15:00:00,2024-08-23 16:00:00,23.0
2024-08-23 16:00:00,5969.554166666666,5855.595703125,-113.95846354166588,2024-08-24 15:00:00,2024-08-23 21:00:00,18.0
2024-08-23 17:00:00,5969.554166666666,5756.00439453125,-213.54977213541588,2024-08-24 15:00:00,2024-08-23 22:00:00,17.0
2024-08-23 18:00:00,5969.554166666666,5667.064453125,-302.4897135416659,2024-08-24 15:00:00,2024-08-23 21:00:00,18.0
2024-08-23 19:00:00,5969.554166666666,5625.54638671875,-344.0077799479159,2024-08-24 15:00:00,2024-08-23 22:00:00,17.0
2024-08-23 20:00:00,5969.554166666666,5468.3876953125,-501.1664713541659,2024-08-24 15:00:00,2024-08-23 23:00:00,16.0
2024-08-23 21:00:00,5969.554166666666,5506.0615234375,-463.4926432291659,2024-08-24 15:00:00,2024-08-24 15:00:00,0.0
2024-08-25 23:00:00,5820.966666666667,5276.7939453125,-544.1727213541672,2024-08-26 00:00:00,2024-08-26 17:00:00,17.0
2024-08-26 00:00:00,5727.860833333333,5320.7080078125,-407.1528255208332,2024-08-26 14:00:00,2024-08-26 16:00:00,2.0
2024-08-26 01:00:00,5727.860833333333,5329.8837890625,-397.9770442708332,2024-08-26 14:00:00,2024-08-26 17:00:00,3.0
2024-08-26 02:00:00,5727.860833333333,5248.8603515625,-479.0004817708332,2024-08-26 14:00:00,2024-08-26 15:00:00,1.0
2024-08-26 03:00:00,5727.860833333333,5296.0263671875,-431.8344661458332,2024-08-26 14:00:00,2024-08-26 16:00:00,2.0
2024-08-26 04:00:00,5727.860833333333,5286.875,-440.9858333333332,2024-08-26 14:00:00,2024-08-26 18:00:00,4.0
2024-08-26 05:00:00,5727.860833333333,5296.302734375,-431.5580989583332,2024-08-26 14:00:00,2024-08-26 12:00:00,2.0
2024-08-26 06:00:00,5727.860833333333,5389.8779296875,-337.9829036458332,2024-08-26 14:00:00,2024-08-26 13:00:00,1.0
2024-08-26 07:00:00,5727.860833333333,5412.6279296875,-315.2329036458332,2024-08-26 14:00:00,2024-08-26 14:00:00,0.0
2024-08-26 08:00:00,5727.860833333333,5447.7998046875,-280.0610286458332,2024-08-26 14:00:00,2024-08-26 15:00:00,1.0
2024-08-26 09:00:00,5727.860833333333,5486.6279296875,-241.23290364583318,2024-08-26 14:00:00,2024-08-26 16:00:00,2.0
2024-08-26 10:00:00,5727.860833333333,5447.03369140625,-280.8271419270832,2024-08-26 14:00:00,2024-08-26 17:00:00,3.0
2024-08-26 11:00:00,5727.860833333333,5430.0419921875,-297.8188411458332,2024-08-26 14:00:00,2024-08-26 18:00:00,4.0
2024-08-26 12:00:00,5727.860833333333,5398.21875,-329.6420833333332,2024-08-26 14:00:00,2024-08-26 17:00:00,3.0
2024-08-26 13:00:00,5727.860833333333,5363.716796875,-364.1440364583332,2024-08-26 14:00:00,2024-08-26 18:00:00,4.0
2024-08-26 14:00:00,5883.7925,5370.54638671875,-513.2461132812496,2024-08-27 14:00:00,2024-08-26 15:00:00,23.0
2024-08-26 15:00:00,6084.470833333333,5388.49267578125,-695.9781575520828,2024-08-27 15:00:00,2024-08-26 16:00:00,23.0
2024-08-26 16:00:00,6084.470833333333,5369.46630859375,-715.0045247395828,2024-08-27 15:00:00,2024-08-26 21:00:00,18.0
2024-08-26 17:00:00,6084.470833333333,5340.44287109375,-744.0279622395828,2024-08-27 15:00:00,2024-08-26 18:00:00,21.0
2024-08-26 18:00:00,6084.470833333333,5303.3388671875,-781.1319661458328,2024-08-27 15:00:00,2024-08-26 19:00:00,20.0
2024-08-26 19:00:00,6084.470833333333,5304.3251953125,-780.1456380208328,2024-08-27 15:00:00,2024-08-27 17:00:00,2.0
2024-08-26 20:00:00,6084.470833333333,5238.25048828125,-846.2203450520828,2024-08-27 15:00:00,2024-08-27 15:00:00,0.0
2024-08-26 21:00:00,6084.470833333333,5313.54443359375,-770.9263997395828,2024-08-27 15:00:00,2024-08-27 15:00:00,0.0
2024-08-26 22:00:00,6084.470833333333,5399.49609375,-684.9747395833328,2024-08-27 15:00:00,2024-08-27 16:00:00,1.0
2024-08-27 23:00:00,6083.453333333334,5610.79345703125,-472.65987630208383,2024-08-28 15:00:00,2024-08-28 17:00:00,2.0
2024-08-28 00:00:00,6083.453333333334,5574.205078125,-509.24825520833383,2024-08-28 15:00:00,2024-08-28 18:00:00,3.0
2024-08-28 01:00:00,6083.453333333334,5501.6416015625,-581.8117317708338,2024-08-28 15:00:00,2024-08-28 13:00:00,2.0
2024-08-28 02:00:00,6083.453333333334,5497.11279296875,-586.3405403645838,2024-08-28 15:00:00,2024-08-28 16:00:00,1.0
2024-08-28 03:00:00,6083.453333333334,5537.119140625,-546.3341927083338,2024-08-28 15:00:00,2024-08-28 16:00:00,1.0
2024-08-28 04:00:00,6083.453333333334,5568.74853515625,-514.7047981770838,2024-08-28 15:00:00,2024-08-28 18:00:00,3.0
2024-08-28 05:00:00,6083.453333333334,5481.88671875,-601.5666145833338,2024-08-28 15:00:00,2024-08-28 19:00:00,4.0
2024-08-28 06:00:00,6083.453333333334,5407.3076171875,-676.1457161458338,2024-08-28 15:00:00,2024-08-28 20:00:00,5.0
2024-08-28 07:00:00,6083.453333333334,5447.6142578125,-635.8390755208338,2024-08-28 15:00:00,2024-08-28 14:00:00,1.0
2024-08-28 08:00:00,6083.453333333334,5544.2890625,-539.1642708333338,2024-08-28 15:00:00,2024-08-28 15:00:00,0.0
2024-08-28 09:00:00,6083.453333333334,5624.115234375,-459.33809895833383,2024-08-28 15:00:00,2024-08-28 16:00:00,1.0
2024-08-28 10:00:00,6083.453333333334,5604.8623046875,-478.59102864583383,2024-08-28 15:00:00,2024-08-28 17:00:00,2.0
2024-08-28 11:00:00,6083.453333333334,5631.484375,-451.96895833333383,2024-08-28 15:00:00,2024-08-28 18:00:00,3.0
2024-08-28 12:00:00,6083.453333333334,5582.580078125,-500.87325520833383,2024-08-28 15:00:00,2024-08-28 19:00:00,4.0
2024-08-28 13:00:00,6083.453333333334,5492.8134765625,-590.6398567708338,2024-08-28 15:00:00,2024-08-28 20:00:00,5.0
2024-08-28 14:00:00,6083.453333333334,5436.751953125,-646.7013802083338,2024-08-28 15:00:00,2024-08-28 19:00:00,4.0
2024-08-28 15:00:00,5904.614166666666,5487.2783203125,-417.3358463541663,2024-08-28 16:00:00,2024-08-28 16:00:00,0.0
2024-08-28 16:00:00,5717.38,5518.9013671875,-198.4786328125001,2024-08-28 23:00:00,2024-08-28 21:00:00,2.0
2024-08-28 17:00:00,5717.38,5504.54296875,-212.8370312500001,2024-08-28 23:00:00,2024-08-28 18:00:00,5.0
2024-08-28 18:00:00,5717.38,5403.5908203125,-313.7891796875001,2024-08-28 23:00:00,2024-08-28 19:00:00,4.0
2024-08-28 19:00:00,5717.38,5359.79248046875,-357.5875195312501,2024-08-28 23:00:00,2024-08-28 20:00:00,3.0
2024-08-28 20:00:00,5717.38,5373.1845703125,-344.1954296875001,2024-08-28 23:00:00,2024-08-29 14:00:00,15.0
2024-08-28 21:00:00,5717.38,5477.1796875,-240.2003125000001,2024-08-28 23:00:00,2024-08-29 15:00:00,16.0
2024-08-28 22:00:00,5717.38,5589.28515625,-128.0948437500001,2024-08-28 23:00:00,2024-08-29 16:00:00,17.0
2024-08-31 23:00:00,5315.2425,5454.40234375,139.1598437499997,2024-09-01 10:00:00,2024-09-01 15:00:00,5.0
2024-09-01 00:00:00,5315.2425,5285.1806640625,-30.06183593750029,2024-09-01 10:00:00,2024-09-01 16:00:00,6.0
2024-09-01 01:00:00,5315.2425,5143.361328125,-171.8811718750003,2024-09-01 10:00:00,2024-09-01 17:00:00,7.0
2024-09-01 02:00:00,5315.2425,4861.50634765625,-453.7361523437503,2024-09-01 10:00:00,2024-09-01 14:00:00,4.0
2024-09-01 03:00:00,5315.2425,4844.0029296875,-471.2395703125003,2024-09-01 10:00:00,2024-09-01 15:00:00,5.0
2024-09-01 04:00:00,5315.2425,4702.046875,-613.1956250000003,2024-09-01 10:00:00,2024-09-01 16:00:00,6.0
2024-09-01 05:00:00,5315.2425,4494.5029296875,-820.7395703125003,2024-09-01 10:00:00,2024-09-01 12:00:00,2.0
2024-09-01 06:00:00,5315.2425,4593.31982421875,-721.9226757812503,2024-09-01 10:00:00,2024-09-01 16:00:00,6.0
2024-09-01 07:00:00,5315.2425,4791.580078125,-523.6624218750003,2024-09-01 10:00:00,2024-09-01 13:00:00,3.0
2024-09-01 08:00:00,5315.2425,4911.5068359375,-403.7356640625003,2024-09-01 10:00:00,2024-09-01 14:00:00,4.0
2024-09-01 09:00:00,5315.2425,4968.4716796875,-346.7708203125003,2024-09-01 10:00:00,2024-09-01 14:00:00,4.0
2024-09-01 10:00:00,5248.029166666666,4946.4912109375,-301.53795572916624,2024-09-01 11:00:00,2024-09-01 15:00:00,4.0
2024-09-01 11:00:00,5059.7074999999995,4914.67138671875,-145.03611328124953,2024-09-01 12:00:00,2024-09-01 16:00:00,4.0
2024-09-01 12:00:00,4792.5633333333335,4798.91015625,6.346822916666497,2024-09-02 10:00:00,2024-09-01 17:00:00,17.0
2024-09-01 13:00:00,4792.5633333333335,4668.5927734375,-123.9705598958335,2024-09-02 10:00:00,2024-09-01 17:00:00,17.0
2024-09-01 14:00:00,4792.5633333333335,4684.08349609375,-108.4798372395835,2024-09-02 10:00:00,2024-09-02 13:00:00,3.0
2024-09-01 15:00:00,4792.5633333333335,4587.77392578125,-204.7894075520835,2024-09-02 10:00:00,2024-09-01 19:00:00,15.0
2024-09-01 16:00:00,4792.5633333333335,4611.94921875,-180.6141145833335,2024-09-02 10:00:00,2024-09-02 15:00:00,5.0
2024-09-01 17:00:00,4792.5633333333335,4560.302734375,-232.2605989583335,2024-09-02 10:00:00,2024-09-02 16:00:00,6.0
2024-09-01 18:00:00,4792.5633333333335,4481.7099609375,-310.8533723958335,2024-09-02 10:00:00,2024-09-01 19:00:00,15.0
2024-09-01 19:00:00,4792.5633333333335,4530.9775390625,-261.5857942708335,2024-09-02 10:00:00,2024-09-02 11:00:00,1.0
2024-09-01 20:00:00,4792.5633333333335,4666.3515625,-126.2117708333335,2024-09-02 10:00:00,2024-09-02 12:00:00,2.0
2024-09-01 21:00:00,4792.5633333333335,4716.62548828125,-75.9378450520835,2024-09-02 10:00:00,2024-09-02 13:00:00,3.0
2024-09-01 22:00:00,4792.5633333333335,4752.47216796875,-40.0911653645835,2024-09-02 10:00:00,2024-09-02 14:00:00,4.0
2024-09-05 23:00:00,7035.158181818182,5791.037109375,-1244.1210724431821,2024-09-06 23:00:00,2024-09-06 14:00:00,9.0
2024-09-06 00:00:00,7035.158181818182,5919.873046875,-1115.2851349431821,2024-09-06 23:00:00,2024-09-06 15:00:00,8.0
2024-09-06 01:00:00,7035.158181818182,6084.5830078125,-950.5751740056821,2024-09-06 23:00:00,2024-09-06 16:00:00,7.0
2024-09-06 02:00:00,7035.158181818182,6180.23828125,-854.9199005681821,2024-09-06 23:00:00,2024-09-06 09:00:00,14.0
2024-09-06 03:00:00,7035.158181818182,6224.39794921875,-810.7602325994321,2024-09-06 23:00:00,2024-09-06 10:00:00,13.0
2024-09-06 04:00:00,7035.158181818182,6157.93994140625,-877.2182404119321,2024-09-06 23:00:00,2024-09-06 08:00:00,15.0
2024-09-06 05:00:00,7035.158181818182,6226.54248046875,-808.6157013494321,2024-09-06 23:00:00,2024-09-06 09:00:00,14.0
2024-09-06 06:00:00,7035.158181818182,6313.587890625,-721.5702911931821,2024-09-06 23:00:00,2024-09-06 10:00:00,13.0
2024-09-06 07:00:00,7035.158181818182,6392.36328125,-642.7949005681821,2024-09-06 23:00:00,2024-09-06 18:00:00,5.0
2024-09-06 08:00:00,7035.158181818182,6330.6357421875,-704.5224396306821,2024-09-06 23:00:00,2024-09-06 20:00:00,3.0
2024-09-06 09:00:00,7035.158181818182,6118.40234375,-916.7558380681821,2024-09-06 23:00:00,2024-09-06 21:00:00,2.0
2024-09-06 10:00:00,7035.158181818182,5932.201171875,-1102.9570099431821,2024-09-06 23:00:00,2024-09-07 10:00:00,11.0
2024-09-06 11:00:00,7035.158181818182,5891.453125,-1143.7050568181821,2024-09-06 23:00:00,2024-09-06 12:00:00,11.0
2024-09-06 12:00:00,7035.158181818182,5960.67138671875,-1074.4867950994321,2024-09-06 23:00:00,2024-09-06 13:00:00,10.0
2024-09-06 13:00:00,7035.158181818182,5964.6103515625,-1070.5478302556821,2024-09-06 23:00:00,2024-09-06 14:00:00,9.0
2024-09-06 14:00:00,7035.158181818182,5953.8642578125,-1081.2939240056821,2024-09-06 23:00:00,2024-09-07 11:00:00,12.0
2024-09-06 15:00:00,7035.158181818182,5956.0419921875,-1079.1161896306821,2024-09-06 23:00:00,2024-09-06 21:00:00,2.0
2024-09-06 16:00:00,7035.158181818182,6308.5458984375,-726.6122833806821,2024-09-06 23:00:00,2024-09-06 22:00:00,1.0
2024-09-06 17:00:00,7035.158181818182,6441.0009765625,-594.1572052556821,2024-09-06 23:00:00,2024-09-06 23:00:00,0.0
2024-09-06 18:00:00,7035.158181818182,6354.859375,-680.2988068181821,2024-09-06 23:00:00,2024-09-07 00:00:00,1.0
2024-09-06 19:00:00,7035.158181818182,6128.65234375,-906.5058380681821,2024-09-06 23:00:00,2024-09-06 22:00:00,1.0
2024-09-06 20:00:00,7035.158181818182,6114.5283203125,-920.6298615056821,2024-09-06 23:00:00,2024-09-07 14:00:00,15.0
2024-09-06 21:00:00,7035.158181818182,6161.4560546875,-873.7021271306821,2024-09-06 23:00:00,2024-09-07 12:00:00,13.0
2024-09-06 22:00:00,7035.158181818182,6235.02880859375,-800.1293732244321,2024-09-06 23:00:00,2024-09-07 13:00:00,14.0
2024-09-06 23:00:00,5946.59125,6176.8203125,230.2290624999996,2024-09-07 23:00:00,2024-09-07 11:00:00,12.0
2024-09-07 00:00:00,5946.59125,6166.81640625,220.2251562499996,2024-09-07 23:00:00,2024-09-07 12:00:00,11.0
2024-09-07 01:00:00,5946.59125,6039.861328125,93.2700781249996,2024-09-07 23:00:00,2024-09-07 13:00:00,10.0
2024-09-07 02:00:00,5946.59125,5932.2490234375,-14.3422265625004,2024-09-07 23:00:00,2024-09-07 14:00:00,9.0
2024-09-07 03:00:00,5946.59125,6046.32958984375,99.7383398437496,2024-09-07 23:00:00,2024-09-07 15:00:00,8.0
2024-09-07 04:00:00,5946.59125,5962.2861328125,15.6948828124996,2024-09-07 23:00:00,2024-09-07 16:00:00,7.0
2024-09-07 05:00:00,5946.59125,5868.46044921875,-78.1308007812504,2024-09-07 23:00:00,2024-09-07 17:00:00,6.0
2024-09-07 06:00:00,5946.59125,5746.1162109375,-200.4750390625004,2024-09-07 23:00:00,2024-09-07 14:00:00,9.0
2024-09-07 07:00:00,5946.59125,5704.6171875,-241.9740625000004,2024-09-07 23:00:00,2024-09-07 18:00:00,5.0
2024-09-07 08:00:00,5946.59125,5778.77734375,-167.8139062500004,2024-09-07 23:00:00,2024-09-07 14:00:00,9.0
2024-09-07 09:00:00,5946.59125,5825.31640625,-121.2748437500004,2024-09-07 23:00:00,2024-09-07 15:00:00,8.0
2024-09-07 10:00:00,5946.59125,5789.1083984375,-157.4828515625004,2024-09-07 23:00:00,2024-09-07 16:00:00,7.0
2024-09-07 11:00:00,5946.59125,5702.41162109375,-244.1796289062504,2024-09-07 23:00:00,2024-09-07 12:00:00,11.0
2024-09-07 12:00:00,5946.59125,5649.13330078125,-297.4579492187504,2024-09-07 23:00:00,2024-09-07 19:00:00,4.0
2024-09-07 13:00:00,5946.59125,5570.99609375,-375.5951562500004,2024-09-07 23:00:00,2024-09-07 18:00:00,5.0
2024-09-07 14:00:00,6291.8175,5658.3203125,-633.4971875000001,2024-09-08 14:00:00,2024-09-07 19:00:00,19.0
2024-09-07 15:00:00,6407.888333333333,5771.05126953125,-636.8370638020833,2024-09-08 15:00:00,2024-09-07 21:00:00,18.0
2024-09-07 16:00:00,6407.888333333333,5788.22119140625,-619.6671419270833,2024-09-08 15:00:00,2024-09-07 22:00:00,17.0
2024-09-07 17:00:00,6407.888333333333,5780.47265625,-627.4156770833333,2024-09-08 15:00:00,2024-09-07 23:00:00,16.0
2024-09-07 18:00:00,6407.888333333333,5762.2314453125,-645.6568880208333,2024-09-08 15:00:00,2024-09-07 19:00:00,20.0
2024-09-07 19:00:00,6407.888333333333,5577.48193359375,-830.4063997395833,2024-09-08 15:00:00,2024-09-08 13:00:00,2.0
2024-09-07 20:00:00,6407.888333333333,5516.52099609375,-891.3673372395833,2024-09-08 15:00:00,2024-09-08 14:00:00,1.0
2024-09-07 21:00:00,6407.888333333333,5400.7373046875,-1007.1510286458333,2024-09-08 15:00:00,2024-09-08 15:00:00,0.0
2024-09-07 22:00:00,6407.888333333333,5369.5556640625,-1038.3326692708333,2024-09-08 15:00:00,2024-09-08 10:00:00,5.0
2024-09-07 23:00:00,6407.888333333333,5538.87646484375,-869.0118684895833,2024-09-08 15:00:00,2024-09-08 11:00:00,4.0
2024-09-08 00:00:00,6407.888333333333,5639.8955078125,-767.9928255208333,2024-09-08 15:00:00,2024-09-08 12:00:00,3.0
2024-09-08 01:00:00,6407.888333333333,5580.45703125,-827.4313020833333,2024-09-08 15:00:00,2024-09-08 13:00:00,2.0
2024-09-08 02:00:00,6407.888333333333,5484.4013671875,-923.4869661458333,2024-09-08 15:00:00,2024-09-08 14:00:00,1.0
2024-09-08 03:00:00,6407.888333333333,5407.7724609375,-1000.1158723958333,2024-09-08 15:00:00,2024-09-08 11:00:00,4.0
2024-09-08 04:00:00,6407.888333333333,5717.095703125,-690.7926302083333,2024-09-08 15:00:00,2024-09-08 12:00:00,3.0
2024-09-08 05:00:00,6407.888333333333,5711.40283203125,-696.4855013020833,2024-09-08 15:00:00,2024-09-08 13:00:00,2.0
2024-09-08 06:00:00,6407.888333333333,5508.57421875,-899.3141145833333,2024-09-08 15:00:00,2024-09-08 14:00:00,1.0
2024-09-08 07:00:00,6407.888333333333,5394.59375,-1013.2945833333333,2024-09-08 15:00:00,2024-09-08 18:00:00,3.0
2024-09-08 08:00:00,6407.888333333333,5281.2353515625,-1126.6529817708333,2024-09-08 15:00:00,2024-09-08 14:00:00,1.0
2024-09-08 09:00:00,6407.888333333333,5313.4912109375,-1094.3971223958333,2024-09-08 15:00:00,2024-09-08 10:00:00,5.0
2024-09-08 10:00:00,6407.888333333333,5417.591796875,-990.2965364583333,2024-09-08 15:00:00,2024-09-08 11:00:00,4.0
2024-09-08 11:00:00,6407.888333333333,5463.494140625,-944.3941927083333,2024-09-08 15:00:00,2024-09-08 12:00:00,3.0
2024-09-08 12:00:00,6407.888333333333,5523.3818359375,-884.5064973958333,2024-09-08 15:00:00,2024-09-08 13:00:00,2.0
2024-09-08 13:00:00,6407.888333333333,5641.2451171875,-766.6432161458333,2024-09-08 15:00:00,2024-09-08 14:00:00,1.0
2024-09-08 14:00:00,6407.888333333333,5718.8740234375,-689.0143098958333,2024-09-08 15:00:00,2024-09-08 15:00:00,0.0
2024-09-08 15:00:00,6109.191666666667,5851.814453125,-257.3772135416666,2024-09-08 16:00:00,2024-09-08 16:00:00,0.0
2024-09-08 16:00:00,5825.639166666667,5817.654296875,-7.984869791666824,2024-09-08 17:00:00,2024-09-08 17:00:00,0.0
2024-09-08 17:00:00,5825.627272727273,5783.2021484375,-42.42512428977261,2024-09-08 23:00:00,2024-09-08 18:00:00,5.0
2024-09-08 18:00:00,5825.627272727273,5631.265625,-194.3616477272726,2024-09-08 23:00:00,2024-09-08 19:00:00,4.0
2024-09-08 19:00:00,5825.627272727273,5404.20751953125,-421.4197531960226,2024-09-08 23:00:00,2024-09-08 20:00:00,3.0
2024-09-08 20:00:00,5825.627272727273,5268.861328125,-556.7659446022726,2024-09-08 23:00:00,2024-09-08 21:00:00,2.0
2024-09-08 21:00:00,5825.627272727273,5363.32568359375,-462.3015891335226,2024-09-08 23:00:00,2024-09-09 14:00:00,15.0
2024-09-08 22:00:00,5825.627272727273,5367.98828125,-457.6389914772726,2024-09-08 23:00:00,2024-09-09 15:00:00,16.0
2024-09-08 23:00:00,5692.205000000001,5368.95068359375,-323.25431640625084,2024-09-09 15:00:00,2024-09-09 16:00:00,1.0
2024-09-09 00:00:00,5692.205000000001,5368.294921875,-323.91007812500084,2024-09-09 15:00:00,2024-09-09 17:00:00,2.0
2024-09-09 01:00:00,5692.205000000001,5356.6357421875,-335.56925781250084,2024-09-09 15:00:00,2024-09-09 18:00:00,3.0
2024-09-09 02:00:00,5692.205000000001,5285.73193359375,-406.47306640625084,2024-09-09 15:00:00,2024-09-09 04:00:00,11.0
2024-09-09 03:00:00,5692.205000000001,5157.76318359375,-534.4418164062508,2024-09-09 15:00:00,2024-09-09 05:00:00,10.0
2024-09-09 04:00:00,5692.205000000001,5162.52880859375,-529.6761914062508,2024-09-09 15:00:00,2024-09-09 12:00:00,3.0
2024-09-09 05:00:00,5692.205000000001,5064.95703125,-627.2479687500008,2024-09-09 15:00:00,2024-09-09 07:00:00,8.0
2024-09-09 06:00:00,5692.205000000001,4990.74560546875,-701.4593945312508,2024-09-09 15:00:00,2024-09-09 08:00:00,7.0
2024-09-09 07:00:00,5692.205000000001,4907.96484375,-784.2401562500008,2024-09-09 15:00:00,2024-09-09 14:00:00,1.0
2024-09-09 08:00:00,5692.205000000001,4848.478515625,-843.7264843750008,2024-09-09 15:00:00,2024-09-09 15:00:00,0.0
2024-09-09 09:00:00,5692.205000000001,4914.4765625,-777.7284375000008,2024-09-09 15:00:00,2024-09-09 10:00:00,5.0
2024-09-09 10:00:00,5692.205000000001,5117.896484375,-574.3085156250008,2024-09-09 15:00:00,2024-09-09 11:00:00,4.0
2024-09-09 11:00:00,5692.205000000001,5278.7861328125,-413.41886718750084,2024-09-09 15:00:00,2024-09-09 12:00:00,3.0
2024-09-09 12:00:00,5692.205000000001,5310.19873046875,-382.00626953125084,2024-09-09 15:00:00,2024-09-09 13:00:00,2.0
2024-09-09 13:00:00,5692.205000000001,5379.2841796875,-312.92082031250084,2024-09-09 15:00:00,2024-09-09 14:00:00,1.0
2024-09-09 14:00:00,5692.205000000001,5413.51171875,-278.69328125000084,2024-09-09 15:00:00,2024-09-09 15:00:00,0.0
2024-09-09 15:00:00,5551.803333333333,5371.05078125,-180.75255208333328,2024-09-09 16:00:00,2024-09-09 16:00:00,0.0
2024-09-09 16:00:00,5485.845833333333,5317.3076171875,-168.53821614583285,2024-09-09 17:00:00,2024-09-09 17:00:00,0.0
2024-09-09 17:00:00,5467.257,5286.7333984375,-180.5236015624996,2024-09-09 23:00:00,2024-09-09 18:00:00,5.0
2024-09-09 18:00:00,5467.257,5082.49462890625,-384.7623710937496,2024-09-09 23:00:00,2024-09-09 19:00:00,4.0
2024-09-09 19:00:00,5467.257,4930.5703125,-536.6866874999996,2024-09-09 23:00:00,2024-09-09 20:00:00,3.0
2024-09-09 20:00:00,5467.257,4907.251953125,-560.0050468749996,2024-09-09 23:00:00,2024-09-10 13:00:00,14.0
2024-09-09 21:00:00,5467.257,5007.080078125,-460.1769218749996,2024-09-09 23:00:00,2024-09-10 14:00:00,15.0
2024-09-09 22:00:00,5467.257,5122.375,-344.8819999999996,2024-09-09 23:00:00,2024-09-10 15:00:00,16.0
2024-09-11 23:00:00,4040.0266666666666,4024.287841796875,-15.738824869791642,2024-09-12 10:00:00,2024-09-12 15:00:00,5.0
2024-09-12 00:00:00,4040.0266666666666,3920.474853515625,-119.55181315104164,2024-09-12 10:00:00,2024-09-12 16:00:00,6.0
2024-09-12 01:00:00,4040.0266666666666,3824.43603515625,-215.59063151041664,2024-09-12 10:00:00,2024-09-12 16:00:00,6.0
2024-09-12 02:00:00,4040.0266666666666,3805.16357421875,-234.86309244791664,2024-09-12 10:00:00,2024-09-12 17:00:00,7.0
2024-09-12 03:00:00,4040.0266666666666,3683.740478515625,-356.28618815104164,2024-09-12 10:00:00,2024-09-12 18:00:00,8.0
2024-09-12 04:00:00,4040.0266666666666,3555.1845703125,-484.84209635416664,2024-09-12 10:00:00,2024-09-12 19:00:00,9.0
2024-09-12 05:00:00,4040.0266666666666,3476.76025390625,-563.2664127604166,2024-09-12 10:00:00,2024-09-12 20:00:00,10.0
2024-09-12 06:00:00,4040.0266666666666,3521.103515625,-518.9231510416666,2024-09-12 10:00:00,2024-09-12 12:00:00,2.0
2024-09-12 07:00:00,4040.0266666666666,3635.5693359375,-404.45733072916664,2024-09-12 10:00:00,2024-09-12 13:00:00,3.0
2024-09-12 08:00:00,4040.0266666666666,3778.3427734375,-261.68389322916664,2024-09-12 10:00:00,2024-09-12 13:00:00,3.0
2024-09-12 09:00:00,4282.641666666666,3953.875,-328.7666666666664,2024-09-13 09:00:00,2024-09-12 14:00:00,19.0
2024-09-12 10:00:00,4676.895833333333,3864.03271484375,-812.863118489583,2024-09-13 10:00:00,2024-09-12 15:00:00,19.0
2024-09-12 11:00:00,4809.560833333333,3904.7265625,-904.834270833333,2024-09-13 11:00:00,2024-09-12 15:00:00,20.0
2024-09-12 12:00:00,4848.815833333333,3991.994140625,-856.8216927083331,2024-09-13 12:00:00,2024-09-12 16:00:00,20.0
2024-09-12 13:00:00,4848.815833333333,3791.92138671875,-1056.894446614583,2024-09-13 12:00:00,2024-09-12 17:00:00,19.0
2024-09-12 14:00:00,4848.815833333333,3690.330322265625,-1158.485511067708,2024-09-13 12:00:00,2024-09-12 18:00:00,18.0
2024-09-12 15:00:00,4848.815833333333,3574.486328125,-1274.329505208333,2024-09-13 12:00:00,2024-09-13 14:00:00,2.0
2024-09-12 16:00:00,4848.815833333333,3626.865478515625,-1221.950354817708,2024-09-13 12:00:00,2024-09-13 13:00:00,1.0
2024-09-12 17:00:00,4848.815833333333,3691.927001953125,-1156.888831380208,2024-09-13 12:00:00,2024-09-13 15:00:00,3.0
2024-09-12 18:00:00,4848.815833333333,3682.822265625,-1165.993567708333,2024-09-13 12:00:00,2024-09-13 16:00:00,4.0
2024-09-12 19:00:00,4848.815833333333,3647.231201171875,-1201.584632161458,2024-09-13 12:00:00,2024-09-13 11:00:00,1.0
2024-09-12 20:00:00,4848.815833333333,3703.4892578125,-1145.326575520833,2024-09-13 12:00:00,2024-09-13 12:00:00,0.0
2024-09-12 21:00:00,4848.815833333333,3753.248046875,-1095.567786458333,2024-09-13 12:00:00,2024-09-13 13:00:00,1.0
2024-09-12 22:00:00,4848.815833333333,3715.018310546875,-1133.797522786458,2024-09-13 12:00:00,2024-09-13 14:00:00,2.0
2024-09-22 23:00:00,6361.653333333333,5113.390625,-1248.2627083333327,2024-09-23 15:00:00,2024-09-23 15:00:00,0.0
2024-09-23 00:00:00,6361.653333333333,5193.658203125,-1167.9951302083327,2024-09-23 15:00:00,2024-09-23 16:00:00,1.0
2024-09-23 01:00:00,6361.653333333333,5210.2109375,-1151.4423958333327,2024-09-23 15:00:00,2024-09-23 13:00:00,2.0
2024-09-23 02:00:00,6361.653333333333,5252.6845703125,-1108.9687630208327,2024-09-23 15:00:00,2024-09-23 14:00:00,1.0
2024-09-23 03:00:00,6361.653333333333,5267.1923828125,-1094.4609505208327,2024-09-23 15:00:00,2024-09-23 15:00:00,0.0
2024-09-23 04:00:00,6361.653333333333,5277.93896484375,-1083.7143684895827,2024-09-23 15:00:00,2024-09-23 16:00:00,1.0
2024-09-23 05:00:00,6361.653333333333,5297.70947265625,-1063.9438606770827,2024-09-23 15:00:00,2024-09-23 17:00:00,2.0
2024-09-23 06:00:00,6361.653333333333,5280.38134765625,-1081.2719856770827,2024-09-23 15:00:00,2024-09-23 18:00:00,3.0
2024-09-23 07:00:00,6361.653333333333,5250.724609375,-1110.9287239583327,2024-09-23 15:00:00,2024-09-23 19:00:00,4.0
2024-09-23 08:00:00,6361.653333333333,5255.017578125,-1106.6357552083327,2024-09-23 15:00:00,2024-09-23 15:00:00,0.0
2024-09-23 09:00:00,6361.653333333333,5298.0654296875,-1063.5879036458327,2024-09-23 15:00:00,2024-09-23 16:00:00,1.0
2024-09-23 10:00:00,6361.653333333333,5326.05224609375,-1035.6010872395827,2024-09-23 15:00:00,2024-09-23 17:00:00,2.0
2024-09-23 11:00:00,6361.653333333333,5313.5029296875,-1048.1504036458327,2024-09-23 15:00:00,2024-09-23 17:00:00,2.0
2024-09-23 12:00:00,6361.653333333333,5306.474609375,-1055.1787239583327,2024-09-23 15:00:00,2024-09-23 18:00:00,3.0
2024-09-23 13:00:00,6361.653333333333,5337.078125,-1024.5752083333327,2024-09-23 15:00:00,2024-09-23 14:00:00,1.0
2024-09-23 14:00:00,6361.653333333333,5400.5478515625,-961.1054817708327,2024-09-23 15:00:00,2024-09-23 15:00:00,0.0
2024-09-23 15:00:00,6690.535,5420.84521484375,-1269.6897851562499,2024-09-24 15:00:00,2024-09-23 16:00:00,23.0
2024-09-23 16:00:00,6690.535,5453.8994140625,-1236.6355859374999,2024-09-24 15:00:00,2024-09-23 17:00:00,22.0
2024-09-23 17:00:00,6690.535,5465.48779296875,-1225.0472070312499,2024-09-24 15:00:00,2024-09-23 20:00:00,19.0
2024-09-23 18:00:00,6690.535,5454.65673828125,-1235.8782617187499,2024-09-24 15:00:00,2024-09-23 21:00:00,18.0
2024-09-23 19:00:00,6690.535,5464.67041015625,-1225.8645898437499,2024-09-24 15:00:00,2024-09-24 13:00:00,2.0
2024-09-23 20:00:00,6690.535,5570.46044921875,-1120.0745507812499,2024-09-24 15:00:00,2024-09-24 14:00:00,1.0
2024-09-23 21:00:00,6690.535,5622.970703125,-1067.5642968749999,2024-09-24 15:00:00,2024-09-24 15:00:00,0.0
2024-09-23 22:00:00,6690.535,5655.0009765625,-1035.5340234374999,2024-09-24 15:00:00,2024-09-24 16:00:00,1.0
2024-10-01 23:00:00,4552.409166666667,4708.19140625,155.78223958333274,2024-10-02 10:00:00,2024-10-02 15:00:00,5.0
2024-10-02 00:00:00,4552.409166666667,4429.7763671875,-122.63279947916726,2024-10-02 10:00:00,2024-10-02 16:00:00,6.0
2024-10-02 01:00:00,4552.409166666667,4248.609375,-303.79979166666726,2024-10-02 10:00:00,2024-10-02 13:00:00,3.0
2024-10-02 02:00:00,4552.409166666667,4303.87060546875,-248.53856119791726,2024-10-02 10:00:00,2024-10-02 17:00:00,7.0
2024-10-02 03:00:00,4552.409166666667,4271.791015625,-280.61815104166726,2024-10-02 10:00:00,2024-10-02 18:00:00,8.0
2024-10-02 04:00:00,4552.409166666667,4178.990234375,-373.41893229166726,2024-10-02 10:00:00,2024-10-02 19:00:00,9.0
2024-10-02 05:00:00,4552.409166666667,4136.66796875,-415.74119791666726,2024-10-02 10:00:00,2024-10-02 11:00:00,1.0
2024-10-02 06:00:00,4552.409166666667,4211.7744140625,-340.63475260416726,2024-10-02 10:00:00,2024-10-02 12:00:00,2.0
2024-10-02 07:00:00,4552.409166666667,4208.0185546875,-344.39061197916726,2024-10-02 10:00:00,2024-10-02 13:00:00,3.0
2024-10-02 08:00:00,4552.409166666667,4296.79296875,-255.61619791666726,2024-10-02 10:00:00,2024-10-02 13:00:00,3.0
2024-10-02 09:00:00,4552.409166666667,4353.08984375,-199.31932291666726,2024-10-02 10:00:00,2024-10-02 14:00:00,4.0
2024-10-02 10:00:00,4333.431666666666,4275.216796875,-58.21486979166639,2024-10-02 11:00:00,2024-10-02 15:00:00,4.0
2024-10-02 11:00:00,4042.845,4236.6337890625,193.7887890625002,2024-10-02 12:00:00,2024-10-02 16:00:00,4.0
2024-10-02 12:00:00,3728.138333333334,4244.328125,516.1897916666662,2024-10-03 10:00:00,2024-10-02 16:00:00,18.0
2024-10-02 13:00:00,3728.138333333334,4186.05322265625,457.9148893229162,2024-10-03 10:00:00,2024-10-02 17:00:00,17.0
2024-10-02 14:00:00,3728.138333333334,4212.8330078125,484.6946744791662,2024-10-03 10:00:00,2024-10-03 13:00:00,3.0
2024-10-02 15:00:00,3728.138333333334,4070.32568359375,342.1873502604162,2024-10-03 10:00:00,2024-10-03 12:00:00,2.0
2024-10-02 16:00:00,3728.138333333334,4051.086181640625,322.9478483072912,2024-10-03 10:00:00,2024-10-03 13:00:00,3.0
2024-10-02 17:00:00,3728.138333333334,3928.0849609375,199.94662760416622,2024-10-03 10:00:00,2024-10-03 15:00:00,5.0
2024-10-02 18:00:00,3728.138333333334,3790.31201171875,62.173678385416224,2024-10-03 10:00:00,2024-10-03 16:00:00,6.0
2024-10-02 19:00:00,3728.138333333334,3842.96533203125,114.82699869791622,2024-10-03 10:00:00,2024-10-03 11:00:00,1.0
2024-10-02 20:00:00,3728.138333333334,3949.9794921875,221.84115885416622,2024-10-03 10:00:00,2024-10-03 12:00:00,2.0
2024-10-02 21:00:00,3728.138333333334,3965.1875,237.04916666666622,2024-10-03 10:00:00,2024-10-03 13:00:00,3.0
2024-10-02 22:00:00,3728.138333333334,3946.714599609375,218.57626627604122,2024-10-03 10:00:00,2024-10-03 14:00:00,4.0
2024-10-04 23:00:00,6452.5975,4726.53173828125,-1726.0657617187499,2024-10-05 15:00:00,2024-10-05 13:00:00,2.0
2024-10-05 00:00:00,6959.435833333333,4957.443359375,-2001.992473958333,2024-10-06 00:00:00,2024-10-05 14:00:00,10.0
2024-10-05 01:00:00,6959.435833333333,5104.84765625,-1854.588177083333,2024-10-06 00:00:00,2024-10-05 15:00:00,9.0
2024-10-05 02:00:00,6959.435833333333,5138.708984375,-1820.726848958333,2024-10-06 00:00:00,2024-10-05 16:00:00,8.0
2024-10-05 03:00:00,6959.435833333333,5073.57861328125,-1885.857220052083,2024-10-06 00:00:00,2024-10-05 10:00:00,14.0
2024-10-05 04:00:00,6959.435833333333,5047.11328125,-1912.322552083333,2024-10-06 00:00:00,2024-10-05 18:00:00,6.0
2024-10-05 05:00:00,6959.435833333333,5086.71337890625,-1872.722454427083,2024-10-06 00:00:00,2024-10-05 09:00:00,15.0
2024-10-05 06:00:00,6959.435833333333,5318.001953125,-1641.433880208333,2024-10-06 00:00:00,2024-10-05 10:00:00,14.0
2024-10-05 07:00:00,6959.435833333333,5493.28466796875,-1466.151165364583,2024-10-06 00:00:00,2024-10-05 11:00:00,13.0
2024-10-05 08:00:00,6959.435833333333,5508.36962890625,-1451.066204427083,2024-10-06 00:00:00,2024-10-05 12:00:00,12.0
2024-10-05 09:00:00,6959.435833333333,5490.556640625,-1468.879192708333,2024-10-06 00:00:00,2024-10-05 13:00:00,11.0
2024-10-05 10:00:00,6959.435833333333,5431.662109375,-1527.773723958333,2024-10-06 00:00:00,2024-10-05 14:00:00,10.0
2024-10-05 11:00:00,6959.435833333333,5458.66015625,-1500.775677083333,2024-10-06 00:00:00,2024-10-05 12:00:00,12.0
2024-10-05 12:00:00,6959.435833333333,5369.06005859375,-1590.375774739583,2024-10-06 00:00:00,2024-10-05 13:00:00,11.0
2024-10-05 13:00:00,6959.435833333333,5269.0908203125,-1690.345013020833,2024-10-06 00:00:00,2024-10-05 14:00:00,10.0
2024-10-05 14:00:00,7141.0408333333335,5250.765625,-1890.2752083333335,2024-10-06 14:00:00,2024-10-06 14:00:00,0.0
2024-10-05 15:00:00,7386.033333333333,5292.53369140625,-2093.499641927083,2024-10-06 15:00:00,2024-10-06 15:00:00,0.0
2024-10-05 16:00:00,7386.033333333333,5395.52587890625,-1990.5074544270828,2024-10-06 15:00:00,2024-10-06 16:00:00,1.0
2024-10-05 17:00:00,7386.033333333333,5490.009765625,-1896.0235677083328,2024-10-06 15:00:00,2024-10-06 17:00:00,2.0
2024-10-05 18:00:00,7386.033333333333,5599.041015625,-1786.9923177083328,2024-10-06 15:00:00,2024-10-06 12:00:00,3.0
2024-10-05 19:00:00,7386.033333333333,5753.63720703125,-1632.3961263020828,2024-10-06 15:00:00,2024-10-06 14:00:00,1.0
2024-10-05 20:00:00,7386.033333333333,6014.95849609375,-1371.0748372395828,2024-10-06 15:00:00,2024-10-06 11:00:00,4.0
2024-10-05 21:00:00,7386.033333333333,6093.2451171875,-1292.7882161458328,2024-10-06 15:00:00,2024-10-06 12:00:00,3.0
2024-10-26 23:00:00,4213.5625,3982.25439453125,-231.30810546875,2024-10-27 18:00:00,2024-10-27 15:00:00,3.0
2024-10-27 00:00:00,4213.5625,4013.0302734375,-200.5322265625,2024-10-27 18:00:00,2024-10-27 12:00:00,6.0
2024-10-27 01:00:00,4213.5625,4055.28759765625,-158.27490234375,2024-10-27 18:00:00,2024-10-27 13:00:00,5.0
2024-10-27 02:00:00,4213.5625,4037.131103515625,-176.431396484375,2024-10-27 18:00:00,2024-10-27 14:00:00,4.0
2024-10-27 03:00:00,4213.5625,4004.37548828125,-209.18701171875,2024-10-27 18:00:00,2024-10-27 17:00:00,1.0
2024-10-27 04:00:00,4213.5625,4024.1611328125,-189.4013671875,2024-10-27 18:00:00,2024-10-27 11:00:00,7.0
2024-10-27 05:00:00,4213.5625,4057.7421875,-155.8203125,2024-10-27 18:00:00,2024-10-27 12:00:00,6.0
2024-10-27 06:00:00,4213.5625,4088.5234375,-125.0390625,2024-10-27 18:00:00,2024-10-27 13:00:00,5.0
2024-10-27 07:00:00,4213.5625,4058.71826171875,-154.84423828125,2024-10-27 18:00:00,2024-10-27 14:00:00,4.0
2024-10-27 08:00:00,4213.5625,4064.95458984375,-148.60791015625,2024-10-27 18:00:00,2024-10-27 15:00:00,3.0
2024-10-27 09:00:00,4213.5625,4036.97412109375,-176.58837890625,2024-10-27 18:00:00,2024-10-27 16:00:00,2.0
2024-10-27 10:00:00,4353.860833333333,4009.428955078125,-344.4318782552082,2024-10-28 10:00:00,2024-10-27 17:00:00,17.0
2024-10-27 11:00:00,4576.095833333334,4048.57080078125,-527.5250325520838,2024-10-28 11:00:00,2024-10-27 16:00:00,19.0
2024-10-27 12:00:00,4644.72,4028.70947265625,-616.0105273437503,2024-10-28 12:00:00,2024-10-27 17:00:00,19.0
2024-10-27 13:00:00,4644.72,4010.7880859375,-633.9319140625003,2024-10-28 12:00:00,2024-10-27 14:00:00,22.0
2024-10-27 14:00:00,4644.72,3956.96142578125,-687.7585742187503,2024-10-28 12:00:00,2024-10-27 15:00:00,21.0
2024-10-27 15:00:00,4664.3550000000005,3865.7880859375,-798.5669140625005,2024-10-28 15:00:00,2024-10-27 16:00:00,23.0
2024-10-27 16:00:00,4664.3550000000005,3797.92236328125,-866.4326367187505,2024-10-28 15:00:00,2024-10-27 17:00:00,22.0
2024-10-27 17:00:00,4675.409166666667,3748.47021484375,-926.9389518229173,2024-10-28 17:00:00,2024-10-28 16:00:00,1.0
2024-10-27 18:00:00,4782.375,3822.352783203125,-960.022216796875,2024-10-28 18:00:00,2024-10-28 12:00:00,6.0
2024-10-27 19:00:00,4782.375,3962.11865234375,-820.25634765625,2024-10-28 18:00:00,2024-10-28 13:00:00,5.0
2024-10-27 20:00:00,4782.375,3998.9033203125,-783.4716796875,2024-10-28 18:00:00,2024-10-28 14:00:00,4.0
2024-10-27 21:00:00,4782.375,3964.8818359375,-817.4931640625,2024-10-28 18:00:00,2024-10-28 15:00:00,3.0
2024-10-27 22:00:00,4782.375,3960.39111328125,-821.98388671875,2024-10-28 18:00:00,2024-10-28 16:00:00,2.0
2024-10-27 23:00:00,4782.375,3928.54052734375,-853.83447265625,2024-10-28 18:00:00,2024-10-28 15:00:00,3.0
2024-10-28 00:00:00,4782.375,3950.699951171875,-831.675048828125,2024-10-28 18:00:00,2024-10-28 13:00:00,5.0
2024-10-28 01:00:00,4782.375,3976.26513671875,-806.10986328125,2024-10-28 18:00:00,2024-10-28 13:00:00,5.0
2024-10-28 02:00:00,4782.375,3979.88720703125,-802.48779296875,2024-10-28 18:00:00,2024-10-28 14:00:00,4.0
2024-10-28 03:00:00,4782.375,3982.96728515625,-799.40771484375,2024-10-28 18:00:00,2024-10-28 17:00:00,1.0
2024-10-28 04:00:00,4782.375,4020.623291015625,-761.751708984375,2024-10-28 18:00:00,2024-10-28 18:00:00,0.0
2024-10-28 05:00:00,4782.375,4036.95751953125,-745.41748046875,2024-10-28 18:00:00,2024-10-28 12:00:00,6.0
2024-10-28 06:00:00,4782.375,4096.4150390625,-685.9599609375,2024-10-28 18:00:00,2024-10-28 13:00:00,5.0
2024-10-28 07:00:00,4782.375,4093.33154296875,-689.04345703125,2024-10-28 18:00:00,2024-10-28 14:00:00,4.0
2024-10-28 08:00:00,4782.375,4108.01220703125,-674.36279296875,2024-10-28 18:00:00,2024-10-28 15:00:00,3.0
2024-10-28 09:00:00,4782.375,4121.00634765625,-661.36865234375,2024-10-28 18:00:00,2024-10-28 16:00:00,2.0
2024-10-28 10:00:00,4782.375,4105.95703125,-676.41796875,2024-10-28 18:00:00,2024-10-28 17:00:00,1.0
2024-10-28 11:00:00,4782.375,4227.255859375,-555.119140625,2024-10-28 18:00:00,2024-10-28 16:00:00,2.0
2024-10-28 12:00:00,4782.375,4205.8193359375,-576.5556640625,2024-10-28 18:00:00,2024-10-28 17:00:00,1.0
2024-10-28 13:00:00,4782.375,4202.5732421875,-579.8017578125,2024-10-28 18:00:00,2024-10-28 14:00:00,4.0
2024-10-28 14:00:00,4782.375,4157.6767578125,-624.6982421875,2024-10-28 18:00:00,2024-10-28 15:00:00,3.0
2024-10-28 15:00:00,4782.375,4122.7578125,-659.6171875,2024-10-28 18:00:00,2024-10-28 16:00:00,2.0
2024-10-28 16:00:00,4782.375,4114.17578125,-668.19921875,2024-10-28 18:00:00,2024-10-28 17:00:00,1.0
2024-10-28 17:00:00,4782.375,4128.56201171875,-653.81298828125,2024-10-28 18:00:00,2024-10-29 16:00:00,22.0
2024-10-28 18:00:00,4793.701666666667,4224.27490234375,-569.4267643229168,2024-10-29 18:00:00,2024-10-29 12:00:00,6.0
2024-10-28 19:00:00,4793.701666666667,4360.5,-433.2016666666668,2024-10-29 18:00:00,2024-10-29 13:00:00,5.0
2024-10-28 20:00:00,4793.701666666667,4403.521484375,-390.1801822916668,2024-10-29 18:00:00,2024-10-29 14:00:00,4.0
2024-10-28 21:00:00,4793.701666666667,4351.78759765625,-441.9140690104168,2024-10-29 18:00:00,2024-10-29 15:00:00,3.0
2024-10-28 22:00:00,4793.701666666667,4334.7021484375,-458.9995182291668,2024-10-29 18:00:00,2024-10-29 16:00:00,2.0
2024-10-28 23:00:00,4793.701666666667,4301.767578125,-491.9340885416668,2024-10-29 18:00:00,2024-10-29 13:00:00,5.0
2024-10-29 00:00:00,4793.701666666667,4339.52978515625,-454.1718815104168,2024-10-29 18:00:00,2024-10-29 14:00:00,4.0
2024-10-29 01:00:00,4793.701666666667,4328.552734375,-465.1489322916668,2024-10-29 18:00:00,2024-10-29 15:00:00,3.0
2024-10-29 02:00:00,4793.701666666667,4336.677734375,-457.0239322916668,2024-10-29 18:00:00,2024-10-29 16:00:00,2.0
2024-10-29 03:00:00,4793.701666666667,4352.3720703125,-441.3295963541668,2024-10-29 18:00:00,2024-10-29 17:00:00,1.0
2024-10-29 04:00:00,4793.701666666667,4374.16796875,-419.5336979166668,2024-10-29 18:00:00,2024-10-29 18:00:00,0.0
2024-10-29 05:00:00,4793.701666666667,4336.646484375,-457.0551822916668,2024-10-29 18:00:00,2024-10-29 12:00:00,6.0
2024-10-29 06:00:00,4793.701666666667,4434.85546875,-358.8461979166668,2024-10-29 18:00:00,2024-10-29 13:00:00,5.0
2024-10-29 07:00:00,4793.701666666667,4433.52099609375,-360.1806705729168,2024-10-29 18:00:00,2024-10-29 14:00:00,4.0
2024-10-29 08:00:00,4793.701666666667,4432.5654296875,-361.1362369791668,2024-10-29 18:00:00,2024-10-29 15:00:00,3.0
2024-10-29 09:00:00,4793.701666666667,4443.91552734375,-349.7861393229168,2024-10-29 18:00:00,2024-10-29 16:00:00,2.0
2024-10-29 10:00:00,4793.701666666667,4430.515625,-363.1860416666668,2024-10-29 18:00:00,2024-10-29 16:00:00,2.0
2024-10-29 11:00:00,4793.701666666667,4473.5009765625,-320.2006901041668,2024-10-29 18:00:00,2024-10-29 16:00:00,2.0
2024-10-29 12:00:00,4793.701666666667,4495.8193359375,-297.8823307291668,2024-10-29 18:00:00,2024-10-29 13:00:00,5.0
2024-10-29 13:00:00,4793.701666666667,4495.76806640625,-297.9336002604168,2024-10-29 18:00:00,2024-10-29 14:00:00,4.0
2024-10-29 14:00:00,4793.701666666667,4453.341796875,-340.3598697916668,2024-10-29 18:00:00,2024-10-29 15:00:00,3.0
2024-10-29 15:00:00,4793.701666666667,4418.943359375,-374.7583072916668,2024-10-29 18:00:00,2024-10-29 16:00:00,2.0
2024-10-29 16:00:00,4793.701666666667,4366.35546875,-427.3461979166668,2024-10-29 18:00:00,2024-10-29 17:00:00,1.0
2024-10-29 17:00:00,4793.701666666667,4322.65283203125,-471.0488346354168,2024-10-29 18:00:00,2024-10-29 20:00:00,2.0
2024-10-29 18:00:00,4721.991666666667,4385.40087890625,-336.5907877604168,2024-10-30 12:00:00,2024-10-30 12:00:00,0.0
2024-10-29 19:00:00,4721.991666666667,4514.3544921875,-207.6371744791668,2024-10-30 12:00:00,2024-10-30 13:00:00,1.0
2024-10-29 20:00:00,4721.991666666667,4533.59375,-188.3979166666668,2024-10-30 12:00:00,2024-10-30 14:00:00,2.0
2024-10-29 21:00:00,4721.991666666667,4511.0546875,-210.9369791666668,2024-10-30 12:00:00,2024-10-30 15:00:00,3.0
2024-10-29 22:00:00,4721.991666666667,4496.95654296875,-225.0351236979168,2024-10-30 12:00:00,2024-10-30 16:00:00,4.0
2024-10-29 23:00:00,4721.991666666667,4417.82763671875,-304.1640299479168,2024-10-30 12:00:00,2024-10-30 15:00:00,3.0
2024-10-30 00:00:00,4721.991666666667,4412.763671875,-309.2279947916668,2024-10-30 12:00:00,2024-10-30 12:00:00,0.0
2024-10-30 01:00:00,4721.991666666667,4426.7685546875,-295.2231119791668,2024-10-30 12:00:00,2024-10-30 13:00:00,1.0
2024-10-30 02:00:00,4721.991666666667,4389.0205078125,-332.9711588541668,2024-10-30 12:00:00,2024-10-30 14:00:00,2.0
2024-10-30 03:00:00,4721.991666666667,4356.4130859375,-365.5785807291668,2024-10-30 12:00:00,2024-10-30 15:00:00,3.0
2024-10-30 04:00:00,4721.991666666667,4438.0966796875,-283.8949869791668,2024-10-30 12:00:00,2024-10-30 11:00:00,1.0
2024-10-30 05:00:00,4721.991666666667,4470.7119140625,-251.2797526041668,2024-10-30 12:00:00,2024-10-30 12:00:00,0.0
2024-10-30 06:00:00,4721.991666666667,4549.3955078125,-172.5961588541668,2024-10-30 12:00:00,2024-10-30 13:00:00,1.0
2024-10-30 07:00:00,4721.991666666667,4523.712890625,-198.2787760416668,2024-10-30 12:00:00,2024-10-30 14:00:00,2.0
2024-10-30 08:00:00,4721.991666666667,4498.08984375,-223.9018229166668,2024-10-30 12:00:00,2024-10-30 15:00:00,3.0
2024-10-30 09:00:00,4721.991666666667,4483.21875,-238.7729166666668,2024-10-30 12:00:00,2024-10-30 16:00:00,4.0
2024-10-30 10:00:00,4721.991666666667,4474.4013671875,-247.5902994791668,2024-10-30 12:00:00,2024-10-30 16:00:00,4.0
2024-10-30 11:00:00,4721.991666666667,4549.6328125,-172.3588541666668,2024-10-30 12:00:00,2024-10-30 16:00:00,4.0
2024-10-30 12:00:00,4604.1241666666665,4575.6611328125,-28.463033854166497,2024-10-30 14:00:00,2024-10-30 17:00:00,3.0
2024-10-30 13:00:00,4604.1241666666665,4533.6669921875,-70.4571744791665,2024-10-30 14:00:00,2024-10-30 14:00:00,0.0
2024-10-30 14:00:00,4543.879166666667,4484.447265625,-59.431901041666606,2024-10-30 15:00:00,2024-10-30 15:00:00,0.0
2024-10-30 15:00:00,4502.833333333333,4389.89697265625,-112.93636067708303,2024-10-30 18:00:00,2024-10-30 16:00:00,2.0
2024-10-30 16:00:00,4502.833333333333,4294.2021484375,-208.63118489583303,2024-10-30 18:00:00,2024-10-30 17:00:00,1.0
2024-10-30 17:00:00,4502.833333333333,4246.6875,-256.14583333333303,2024-10-30 18:00:00,2024-10-31 16:00:00,22.0
2024-10-30 18:00:00,4315.150833333333,4321.0146484375,5.863815104166861,2024-10-30 19:00:00,2024-10-31 12:00:00,17.0
2024-10-30 19:00:00,4114.279166666666,4411.38427734375,297.10511067708376,2024-10-30 20:00:00,2024-10-31 13:00:00,17.0
2024-10-30 20:00:00,4027.888333333334,4417.3828125,389.4944791666662,2024-10-30 21:00:00,2024-10-31 14:00:00,17.0
2024-10-30 21:00:00,3983.191666666667,4356.22412109375,373.03245442708294,2024-10-30 22:00:00,2024-10-31 15:00:00,17.0
2024-10-30 22:00:00,3935.928888888889,4347.513671875,411.5847829861109,2024-10-30 23:00:00,2024-10-31 16:00:00,17.0
2024-10-30 23:00:00,3830.8325,4335.6318359375,504.7993359375,2024-10-31 18:00:00,2024-10-31 15:00:00,3.0
2024-10-31 00:00:00,3830.8325,4366.0791015625,535.2466015625,2024-10-31 18:00:00,2024-10-31 12:00:00,6.0
2024-10-31 01:00:00,3830.8325,4352.93408203125,522.10158203125,2024-10-31 18:00:00,2024-10-31 13:00:00,5.0
2024-10-31 02:00:00,3830.8325,4313.7666015625,482.9341015625,2024-10-31 18:00:00,2024-10-31 14:00:00,4.0
2024-10-31 03:00:00,3830.8325,4262.150390625,431.317890625,2024-10-31 18:00:00,2024-10-31 15:00:00,3.0
2024-10-31 04:00:00,3830.8325,4277.4091796875,446.5766796875,2024-10-31 18:00:00,2024-10-31 11:00:00,7.0
2024-10-31 05:00:00,3830.8325,4289.0830078125,458.2505078125,2024-10-31 18:00:00,2024-10-31 12:00:00,6.0
2024-10-31 06:00:00,3830.8325,4308.5302734375,477.6977734375,2024-10-31 18:00:00,2024-10-31 13:00:00,5.0
2024-10-31 07:00:00,4245.833333333333,4253.73291015625,7.89957682291697,2024-11-01 07:00:00,2024-10-31 14:00:00,17.0
2024-10-31 08:00:00,4787.661666666667,4231.5283203125,-556.1333463541669,2024-11-01 08:00:00,2024-10-31 15:00:00,17.0
2024-10-31 09:00:00,5155.205833333333,4179.7236328125,-975.4822005208334,2024-11-01 09:00:00,2024-10-31 15:00:00,18.0
2024-10-31 10:00:00,5337.283333333334,4148.494140625,-1188.7891927083338,2024-11-01 10:00:00,2024-10-31 16:00:00,18.0
2024-10-31 11:00:00,5337.283333333334,4159.6513671875,-1177.6319661458338,2024-11-01 10:00:00,2024-10-31 16:00:00,18.0
2024-10-31 12:00:00,5337.283333333334,4118.30224609375,-1218.9810872395838,2024-11-01 10:00:00,2024-10-31 17:00:00,17.0
2024-10-31 13:00:00,5337.283333333334,4065.2763671875,-1272.0069661458338,2024-11-01 10:00:00,2024-10-31 14:00:00,20.0
2024-10-31 14:00:00,5337.283333333334,3981.357421875,-1355.9259114583338,2024-11-01 10:00:00,2024-10-31 15:00:00,19.0
2024-10-31 15:00:00,5337.283333333334,3803.16162109375,-1534.1217122395838,2024-11-01 10:00:00,2024-10-31 16:00:00,18.0
2024-10-31 16:00:00,5337.283333333334,3680.60400390625,-1656.6793294270838,2024-11-01 10:00:00,2024-10-31 17:00:00,17.0
2024-10-31 17:00:00,5337.283333333334,3600.98779296875,-1736.2955403645838,2024-11-01 10:00:00,2024-10-31 18:00:00,16.0
2024-10-31 18:00:00,5337.283333333334,3556.8994140625,-1780.3839192708338,2024-11-01 10:00:00,2024-11-01 12:00:00,2.0
2024-10-31 19:00:00,5337.283333333334,3646.925537109375,-1690.3577962239588,2024-11-01 10:00:00,2024-11-01 13:00:00,3.0
2024-10-31 20:00:00,5337.283333333334,3658.847900390625,-1678.4354329427088,2024-11-01 10:00:00,2024-11-01 14:00:00,4.0
2024-10-31 21:00:00,5337.283333333334,3611.522705078125,-1725.7606282552088,2024-11-01 10:00:00,2024-11-01 15:00:00,5.0
2024-10-31 22:00:00,5337.283333333334,3611.6416015625,-1725.6417317708338,2024-11-01 10:00:00,2024-11-01 16:00:00,6.0
2024-11-03 23:00:00,4193.255,3570.74658203125,-622.5084179687501,2024-11-04 15:00:00,2024-11-04 11:00:00,4.0
2024-11-04 00:00:00,4833.838333333333,3669.21337890625,-1164.6249544270831,2024-11-05 00:00:00,2024-11-04 13:00:00,11.0
2024-11-04 01:00:00,4872.906666666667,3713.75244140625,-1159.1542252604168,2024-11-05 01:00:00,2024-11-04 14:00:00,11.0
2024-11-04 02:00:00,4872.906666666667,3704.091552734375,-1168.8151139322918,2024-11-05 01:00:00,2024-11-04 16:00:00,9.0
2024-11-04 03:00:00,4872.906666666667,3749.07470703125,-1123.8319596354168,2024-11-05 01:00:00,2024-11-04 17:00:00,8.0
2024-11-04 04:00:00,4872.906666666667,3844.334716796875,-1028.5719498697918,2024-11-05 01:00:00,2024-11-04 11:00:00,14.0
2024-11-04 05:00:00,4872.906666666667,3911.51123046875,-961.3954361979168,2024-11-05 01:00:00,2024-11-04 12:00:00,13.0
2024-11-04 06:00:00,4872.906666666667,3996.1923828125,-876.7142838541668,2024-11-05 01:00:00,2024-11-04 10:00:00,15.0
2024-11-04 07:00:00,4872.906666666667,3987.86279296875,-885.0438736979168,2024-11-05 01:00:00,2024-11-04 11:00:00,14.0
2024-11-04 08:00:00,4872.906666666667,3941.90625,-931.0004166666668,2024-11-05 01:00:00,2024-11-04 12:00:00,13.0
2024-11-04 09:00:00,4872.906666666667,3918.5146484375,-954.3920182291668,2024-11-05 01:00:00,2024-11-04 13:00:00,12.0
2024-11-04 10:00:00,4872.906666666667,3858.88525390625,-1014.0214127604168,2024-11-05 01:00:00,2024-11-04 13:00:00,12.0
2024-11-04 11:00:00,4872.906666666667,3902.39697265625,-970.5096940104168,2024-11-05 01:00:00,2024-11-04 14:00:00,11.0
2024-11-04 12:00:00,4954.670833333333,3969.59375,-985.0770833333327,2024-11-05 12:00:00,2024-11-04 13:00:00,23.0
2024-11-04 13:00:00,4969.553333333333,3942.19384765625,-1027.3594856770833,2024-11-05 13:00:00,2024-11-04 14:00:00,23.0
2024-11-04 14:00:00,5237.1175,3880.375,-1356.7425000000003,2024-11-05 14:00:00,2024-11-04 15:00:00,23.0
2024-11-04 15:00:00,5410.9574999999995,3716.40380859375,-1694.5536914062495,2024-11-05 15:00:00,2024-11-04 16:00:00,23.0
2024-11-04 16:00:00,5410.9574999999995,3698.97021484375,-1711.9872851562495,2024-11-05 15:00:00,2024-11-05 16:00:00,1.0
2024-11-04 17:00:00,5410.9574999999995,3772.938232421875,-1638.0192675781245,2024-11-05 15:00:00,2024-11-05 13:00:00,2.0
2024-11-04 18:00:00,5410.9574999999995,3888.66845703125,-1522.2890429687495,2024-11-05 15:00:00,2024-11-05 12:00:00,3.0
2024-11-04 19:00:00,5410.9574999999995,4010.9384765625,-1400.0190234374995,2024-11-05 15:00:00,2024-11-05 13:00:00,2.0
2024-11-04 20:00:00,5410.9574999999995,4178.095703125,-1232.8617968749995,2024-11-05 15:00:00,2024-11-05 10:00:00,5.0
2024-11-04 21:00:00,5410.9574999999995,4294.0517578125,-1116.9057421874995,2024-11-05 15:00:00,2024-11-05 11:00:00,4.0
2024-11-04 22:00:00,5492.663333333334,4351.86865234375,-1140.7946809895839,2024-11-05 22:00:00,2024-11-05 12:00:00,10.0
2024-11-04 23:00:00,5736.3150000000005,4397.06640625,-1339.2485937500005,2024-11-05 23:00:00,2024-11-05 13:00:00,10.0
2024-11-05 00:00:00,7373.2475,4473.8876953125,-2899.3598046875004,2024-11-06 00:00:00,2024-11-05 14:00:00,10.0
2024-11-05 01:00:00,7373.2475,4526.1826171875,-2847.0648828125004,2024-11-06 00:00:00,2024-11-05 15:00:00,9.0
2024-11-05 02:00:00,7373.2475,4643.34912109375,-2729.8983789062504,2024-11-06 00:00:00,2024-11-05 09:00:00,15.0
2024-11-05 03:00:00,7373.2475,4788.57421875,-2584.6732812500004,2024-11-06 00:00:00,2024-11-05 10:00:00,14.0
2024-11-05 04:00:00,7373.2475,4808.5126953125,-2564.7348046875004,2024-11-06 00:00:00,2024-11-05 11:00:00,13.0
2024-11-05 05:00:00,7373.2475,4780.5419921875,-2592.7055078125004,2024-11-06 00:00:00,2024-11-05 12:00:00,12.0
2024-11-05 06:00:00,7373.2475,4802.59326171875,-2570.6542382812504,2024-11-06 00:00:00,2024-11-05 13:00:00,11.0
2024-11-05 07:00:00,7373.2475,4716.43408203125,-2656.8134179687504,2024-11-06 00:00:00,2024-11-05 14:00:00,10.0
2024-11-05 08:00:00,7373.2475,4744.68408203125,-2628.5634179687504,2024-11-06 00:00:00,2024-11-05 12:00:00,12.0
2024-11-05 09:00:00,7373.2475,4665.92919921875,-2707.3183007812504,2024-11-06 00:00:00,2024-11-05 10:00:00,14.0
2024-11-05 10:00:00,7373.2475,4796.77685546875,-2576.4706445312504,2024-11-06 00:00:00,2024-11-05 11:00:00,13.0
2024-11-05 11:00:00,7373.2475,4869.8720703125,-2503.3754296875004,2024-11-06 00:00:00,2024-11-05 12:00:00,12.0
2024-11-05 12:00:00,7373.2475,4900.6826171875,-2472.5648828125004,2024-11-06 00:00:00,2024-11-05 13:00:00,11.0
2024-11-05 13:00:00,7373.2475,4858.845703125,-2514.4017968750004,2024-11-06 00:00:00,2024-11-05 14:00:00,10.0
2024-11-05 14:00:00,7373.2475,4838.28125,-2534.9662500000004,2024-11-06 00:00:00,2024-11-05 15:00:00,9.0
2024-11-05 15:00:00,7373.2475,4806.8486328125,-2566.3988671875004,2024-11-06 00:00:00,2024-11-06 10:00:00,10.0
2024-11-05 16:00:00,7373.2475,4835.5078125,-2537.7396875000004,2024-11-06 00:00:00,2024-11-06 11:00:00,11.0
2024-11-05 17:00:00,7373.2475,4891.6689453125,-2481.5785546875004,2024-11-06 00:00:00,2024-11-06 12:00:00,12.0
2024-11-05 18:00:00,7373.2475,4954.46875,-2418.7787500000004,2024-11-06 00:00:00,2024-11-06 12:00:00,12.0
2024-11-05 19:00:00,7373.2475,5094.0712890625,-2279.1762109375004,2024-11-06 00:00:00,2024-11-06 14:00:00,14.0
2024-11-05 20:00:00,7373.2475,5125.423828125,-2247.8236718750004,2024-11-06 00:00:00,2024-11-06 14:00:00,14.0
2024-11-05 21:00:00,7373.2475,5121.912109375,-2251.3353906250004,2024-11-06 00:00:00,2024-11-06 08:00:00,8.0
2024-11-05 22:00:00,7373.2475,5094.8779296875,-2278.3695703125004,2024-11-06 00:00:00,2024-11-06 11:00:00,11.0
2024-11-05 23:00:00,7619.914999999999,5120.55078125,-2499.364218749999,2024-11-06 23:00:00,2024-11-06 12:00:00,11.0
2024-11-06 00:00:00,7619.914999999999,5319.89306640625,-2300.021933593749,2024-11-06 23:00:00,2024-11-06 14:00:00,9.0
2024-11-06 01:00:00,7619.914999999999,5437.2373046875,-2182.677695312499,2024-11-06 23:00:00,2024-11-06 08:00:00,15.0
2024-11-06 02:00:00,7619.914999999999,5638.763671875,-1981.151328124999,2024-11-06 23:00:00,2024-11-06 09:00:00,14.0
2024-11-06 03:00:00,7619.914999999999,5767.2138671875,-1852.701132812499,2024-11-06 23:00:00,2024-11-06 10:00:00,13.0
2024-11-06 04:00:00,7619.914999999999,5725.83740234375,-1894.077597656249,2024-11-06 23:00:00,2024-11-06 18:00:00,5.0
2024-11-06 05:00:00,7619.914999999999,5881.4990234375,-1738.415976562499,2024-11-06 23:00:00,2024-11-06 09:00:00,14.0
2024-11-06 06:00:00,7619.914999999999,6006.294921875,-1613.620078124999,2024-11-06 23:00:00,2024-11-06 10:00:00,13.0
2024-11-06 07:00:00,7619.914999999999,6118.046875,-1501.868124999999,2024-11-06 23:00:00,2024-11-06 11:00:00,12.0
2024-11-06 08:00:00,7619.914999999999,6077.341796875,-1542.573203124999,2024-11-06 23:00:00,2024-11-06 12:00:00,11.0
2024-11-06 09:00:00,7619.914999999999,6023.75341796875,-1596.161582031249,2024-11-06 23:00:00,2024-11-06 13:00:00,10.0
2024-11-06 10:00:00,7619.914999999999,6046.9951171875,-1572.919882812499,2024-11-06 23:00:00,2024-11-06 11:00:00,12.0
2024-11-06 11:00:00,7619.914999999999,6033.51904296875,-1586.395957031249,2024-11-06 23:00:00,2024-11-06 12:00:00,11.0
2024-11-06 12:00:00,7619.914999999999,6014.4443359375,-1605.470664062499,2024-11-06 23:00:00,2024-11-06 13:00:00,10.0
2024-11-06 13:00:00,7619.914999999999,5872.0029296875,-1747.912070312499,2024-11-06 23:00:00,2024-11-06 17:00:00,6.0
2024-11-06 14:00:00,7619.914999999999,5951.82275390625,-1668.092246093749,2024-11-06 23:00:00,2024-11-07 12:00:00,13.0
2024-11-06 15:00:00,7619.914999999999,5889.8095703125,-1730.105429687499,2024-11-06 23:00:00,2024-11-07 12:00:00,13.0
2024-11-06 16:00:00,7619.914999999999,6112.63427734375,-1507.280722656249,2024-11-06 23:00:00,2024-11-07 13:00:00,14.0
2024-11-06 17:00:00,7619.914999999999,6343.740234375,-1276.174765624999,2024-11-06 23:00:00,2024-11-06 23:00:00,0.0
2024-11-06 18:00:00,7619.914999999999,6398.1943359375,-1221.720664062499,2024-11-06 23:00:00,2024-11-07 00:00:00,1.0
2024-11-06 19:00:00,7619.914999999999,6379.28515625,-1240.629843749999,2024-11-06 23:00:00,2024-11-06 22:00:00,1.0
2024-11-06 20:00:00,7619.914999999999,6239.98046875,-1379.934531249999,2024-11-06 23:00:00,2024-11-06 23:00:00,0.0
2024-11-06 21:00:00,7619.914999999999,6228.6513671875,-1391.263632812499,2024-11-06 23:00:00,2024-11-07 12:00:00,13.0
2024-11-06 22:00:00,7619.914999999999,6410.0712890625,-1209.843710937499,2024-11-06 23:00:00,2024-11-07 12:00:00,13.0
2024-11-16 23:00:00,3598.1649999999995,3556.078125,-42.08687499999951,2024-11-17 11:00:00,2024-11-17 11:00:00,0.0
2024-11-17 00:00:00,3598.1649999999995,3520.803955078125,-77.36104492187451,2024-11-17 11:00:00,2024-11-17 12:00:00,1.0
2024-11-17 01:00:00,3598.1649999999995,3473.31396484375,-124.85103515624951,2024-11-17 11:00:00,2024-11-17 13:00:00,2.0
2024-11-17 02:00:00,3598.1649999999995,3434.83154296875,-163.3334570312495,2024-11-17 11:00:00,2024-11-17 14:00:00,3.0
2024-11-17 03:00:00,3598.1649999999995,3388.69189453125,-209.4731054687495,2024-11-17 11:00:00,2024-11-17 15:00:00,4.0
2024-11-17 04:00:00,3598.1649999999995,3438.814453125,-159.3505468749995,2024-11-17 11:00:00,2024-11-17 11:00:00,0.0
2024-11-17 05:00:00,3598.1649999999995,3459.908203125,-138.2567968749995,2024-11-17 11:00:00,2024-11-17 13:00:00,2.0
2024-11-17 06:00:00,3598.1649999999995,3466.568115234375,-131.5968847656245,2024-11-17 11:00:00,2024-11-17 14:00:00,3.0
2024-11-17 07:00:00,3598.1649999999995,3470.02685546875,-128.1381445312495,2024-11-17 11:00:00,2024-11-17 14:00:00,3.0
2024-11-17 08:00:00,3598.1649999999995,3504.207275390625,-93.95772460937451,2024-11-17 11:00:00,2024-11-17 13:00:00,2.0
2024-11-17 09:00:00,3610.463333333333,3452.35498046875,-158.10835286458314,2024-11-18 09:00:00,2024-11-17 14:00:00,19.0
2024-11-17 10:00:00,3771.9275,3388.738525390625,-383.1889746093748,2024-11-18 10:00:00,2024-11-17 15:00:00,19.0
2024-11-17 11:00:00,3771.9275,3471.9453125,-299.9821874999998,2024-11-18 10:00:00,2024-11-17 16:00:00,18.0
2024-11-17 12:00:00,3771.9275,3449.67578125,-322.2517187499998,2024-11-18 10:00:00,2024-11-17 17:00:00,17.0
2024-11-17 13:00:00,3771.9275,3351.40771484375,-420.5197851562498,2024-11-18 10:00:00,2024-11-18 11:00:00,1.0
2024-11-17 14:00:00,3771.9275,3367.703125,-404.2243749999998,2024-11-18 10:00:00,2024-11-18 12:00:00,2.0
2024-11-17 15:00:00,3771.9275,3229.518798828125,-542.4087011718748,2024-11-18 10:00:00,2024-11-18 13:00:00,3.0
2024-11-17 16:00:00,3771.9275,3215.76708984375,-556.1604101562498,2024-11-18 10:00:00,2024-11-18 10:00:00,0.0
2024-11-17 17:00:00,3771.9275,3364.561767578125,-407.3657324218748,2024-11-18 10:00:00,2024-11-18 11:00:00,1.0
2024-11-17 18:00:00,3771.9275,3477.077392578125,-294.8501074218748,2024-11-18 10:00:00,2024-11-18 12:00:00,2.0
2024-11-17 19:00:00,3771.9275,3501.400390625,-270.5271093749998,2024-11-18 10:00:00,2024-11-18 13:00:00,3.0
2024-11-17 20:00:00,3771.9275,3402.60986328125,-369.3176367187498,2024-11-18 10:00:00,2024-11-18 14:00:00,4.0
2024-11-17 21:00:00,3771.9275,3283.2841796875,-488.6433203124998,2024-11-18 10:00:00,2024-11-18 15:00:00,5.0
2024-11-17 22:00:00,3771.9275,3210.13330078125,-561.7941992187498,2024-11-18 10:00:00,2024-11-18 10:00:00,0.0
2024-11-20 22:00:00,3808.165833333333,3454.044921875,-354.120911458333,2024-11-21 11:00:00,2024-11-21 14:00:00,3.0
2024-11-20 23:00:00,3808.165833333333,3439.47998046875,-368.685852864583,2024-11-21 11:00:00,2024-11-21 11:00:00,0.0
2024-11-21 00:00:00,3808.165833333333,3423.339111328125,-384.826722005208,2024-11-21 11:00:00,2024-11-21 12:00:00,1.0
2024-11-21 01:00:00,3808.165833333333,3353.613525390625,-454.552307942708,2024-11-21 11:00:00,2024-11-21 13:00:00,2.0
2024-11-21 02:00:00,3808.165833333333,3313.93408203125,-494.231751302083,2024-11-21 11:00:00,2024-11-21 09:00:00,2.0
2024-11-21 03:00:00,3808.165833333333,3374.6796875,-433.486145833333,2024-11-21 11:00:00,2024-11-21 10:00:00,1.0
2024-11-21 04:00:00,3808.165833333333,3441.293701171875,-366.872132161458,2024-11-21 11:00:00,2024-11-21 11:00:00,0.0
2024-11-21 05:00:00,3808.165833333333,3416.26123046875,-391.904602864583,2024-11-21 11:00:00,2024-11-21 12:00:00,1.0
2024-11-21 06:00:00,3808.165833333333,3391.311279296875,-416.854554036458,2024-11-21 11:00:00,2024-11-21 13:00:00,2.0
2024-11-21 07:00:00,3808.165833333333,3355.86083984375,-452.304993489583,2024-11-21 11:00:00,2024-11-21 14:00:00,3.0
2024-11-21 08:00:00,3808.165833333333,3397.63671875,-410.529114583333,2024-11-21 11:00:00,2024-11-21 13:00:00,2.0
2024-11-21 09:00:00,3808.165833333333,3388.40087890625,-419.764954427083,2024-11-21 11:00:00,2024-11-21 14:00:00,3.0
2024-11-21 10:00:00,3922.9841666666666,3419.707275390625,-503.2768912760416,2024-11-22 10:00:00,2024-11-21 11:00:00,23.0
2024-11-21 11:00:00,3922.9841666666666,3473.067138671875,-449.9170279947916,2024-11-22 10:00:00,2024-11-21 12:00:00,22.0
2024-11-21 12:00:00,3922.9841666666666,3479.54931640625,-443.4348502604166,2024-11-22 10:00:00,2024-11-21 13:00:00,21.0
2024-11-21 13:00:00,3922.9841666666666,3408.2509765625,-514.7331901041666,2024-11-22 10:00:00,2024-11-21 14:00:00,20.0
2024-11-21 14:00:00,3922.9841666666666,3347.048828125,-575.9353385416666,2024-11-22 10:00:00,2024-11-22 12:00:00,2.0
2024-11-21 15:00:00,3922.9841666666666,3270.021484375,-652.9626822916666,2024-11-22 10:00:00,2024-11-21 18:00:00,16.0
2024-11-21 16:00:00,3922.9841666666666,3251.379150390625,-671.6050162760416,2024-11-22 10:00:00,2024-11-22 10:00:00,0.0
2024-11-21 17:00:00,3922.9841666666666,3428.368896484375,-494.6152701822916,2024-11-22 10:00:00,2024-11-22 11:00:00,1.0
2024-11-21 18:00:00,3922.9841666666666,3548.296875,-374.6872916666666,2024-11-22 10:00:00,2024-11-22 12:00:00,2.0
2024-11-21 19:00:00,3922.9841666666666,3580.842529296875,-342.1416373697916,2024-11-22 10:00:00,2024-11-22 13:00:00,3.0
2024-11-21 20:00:00,3922.9841666666666,3503.037109375,-419.9470572916666,2024-11-22 10:00:00,2024-11-22 14:00:00,4.0
2024-11-21 21:00:00,3922.9841666666666,3425.17041015625,-497.8137565104166,2024-11-22 10:00:00,2024-11-22 13:00:00,3.0
2024-11-21 22:00:00,3922.9841666666666,3366.583251953125,-556.4009147135416,2024-11-22 10:00:00,2024-11-22 10:00:00,0.0
2024-11-25 23:00:00,3776.1041666666665,3349.494384765625,-426.6097819010415,2024-11-26 10:00:00,2024-11-26 13:00:00,3.0
2024-11-26 00:00:00,3776.1041666666665,3275.68408203125,-500.4200846354165,2024-11-26 10:00:00,2024-11-26 13:00:00,3.0
2024-11-26 01:00:00,3776.1041666666665,3210.0556640625,-566.0485026041665,2024-11-26 10:00:00,2024-11-26 15:00:00,5.0
2024-11-26 02:00:00,3776.1041666666665,3261.83447265625,-514.2696940104165,2024-11-26 10:00:00,2024-11-26 09:00:00,1.0
2024-11-26 03:00:00,3776.1041666666665,3337.96533203125,-438.1388346354165,2024-11-26 10:00:00,2024-11-26 10:00:00,0.0
2024-11-26 04:00:00,3776.1041666666665,3394.29541015625,-381.8087565104165,2024-11-26 10:00:00,2024-11-26 10:00:00,0.0
2024-11-26 05:00:00,3776.1041666666665,3382.689208984375,-393.4149576822915,2024-11-26 10:00:00,2024-11-26 12:00:00,2.0
2024-11-26 06:00:00,3776.1041666666665,3352.0263671875,-424.0777994791665,2024-11-26 10:00:00,2024-11-26 13:00:00,3.0
2024-11-26 07:00:00,3776.1041666666665,3329.095947265625,-447.0082194010415,2024-11-26 10:00:00,2024-11-26 14:00:00,4.0
2024-11-26 08:00:00,3776.1041666666665,3306.05322265625,-470.0509440104165,2024-11-26 10:00:00,2024-11-26 09:00:00,1.0
2024-11-26 09:00:00,3776.1041666666665,3411.76220703125,-364.3419596354165,2024-11-26 10:00:00,2024-11-26 10:00:00,0.0
2024-11-26 10:00:00,3765.191666666667,3425.3583984375,-339.83326822916706,2024-11-27 10:00:00,2024-11-26 11:00:00,23.0
2024-11-26 11:00:00,3765.191666666667,3434.954833984375,-330.23683268229206,2024-11-27 10:00:00,2024-11-26 12:00:00,22.0
2024-11-26 12:00:00,3765.191666666667,3460.00390625,-305.18776041666706,2024-11-27 10:00:00,2024-11-26 13:00:00,21.0
2024-11-26 13:00:00,3765.191666666667,3397.31396484375,-367.87770182291706,2024-11-27 10:00:00,2024-11-26 14:00:00,20.0
2024-11-26 14:00:00,3765.191666666667,3401.1123046875,-364.07936197916706,2024-11-27 10:00:00,2024-11-27 12:00:00,2.0
2024-11-26 15:00:00,3765.191666666667,3281.33642578125,-483.85524088541706,2024-11-27 10:00:00,2024-11-27 13:00:00,3.0
2024-11-26 16:00:00,3765.191666666667,3279.30322265625,-485.88844401041706,2024-11-27 10:00:00,2024-11-27 11:00:00,1.0
2024-11-26 17:00:00,3765.191666666667,3448.0068359375,-317.18483072916706,2024-11-27 10:00:00,2024-11-27 11:00:00,1.0
2024-11-26 18:00:00,3765.191666666667,3581.5869140625,-183.60475260416706,2024-11-27 10:00:00,2024-11-27 12:00:00,2.0
2024-11-26 19:00:00,3765.191666666667,3613.12646484375,-152.06520182291706,2024-11-27 10:00:00,2024-11-27 13:00:00,3.0
2024-11-26 20:00:00,3765.191666666667,3524.722412109375,-240.46925455729206,2024-11-27 10:00:00,2024-11-27 14:00:00,4.0
2024-11-26 21:00:00,3765.191666666667,3397.3037109375,-367.88795572916706,2024-11-27 10:00:00,2024-11-27 13:00:00,3.0
2024-11-26 22:00:00,3765.191666666667,3324.4287109375,-440.76295572916706,2024-11-27 10:00:00,2024-11-27 12:00:00,2.0
2024-11-26 23:00:00,3765.191666666667,3322.89501953125,-442.29664713541706,2024-11-27 10:00:00,2024-11-27 11:00:00,1.0
2024-11-28 00:00:00,3782.8216666666667,3368.71826171875,-414.1034049479167,2024-11-28 10:00:00,2024-11-28 12:00:00,2.0
2024-11-28 01:00:00,3782.8216666666667,3285.18017578125,-497.6414908854167,2024-11-28 10:00:00,2024-11-28 13:00:00,3.0
2024-11-28 02:00:00,3782.8216666666667,3321.091796875,-461.7298697916667,2024-11-28 10:00:00,2024-11-28 09:00:00,1.0
2024-11-28 03:00:00,3782.8216666666667,3369.21044921875,-413.6112174479167,2024-11-28 10:00:00,2024-11-28 10:00:00,0.0
2024-11-29 04:00:00,3977.9616666666666,3408.14794921875,-569.8137174479166,2024-11-29 10:00:00,2024-11-29 11:00:00,1.0
2024-11-29 05:00:00,3977.9616666666666,3396.4931640625,-581.4685026041666,2024-11-29 10:00:00,2024-11-29 11:00:00,1.0
2024-11-29 06:00:00,3977.9616666666666,3418.80810546875,-559.1535611979166,2024-11-29 10:00:00,2024-11-29 13:00:00,3.0
2024-11-29 07:00:00,3977.9616666666666,3384.753173828125,-593.2084928385416,2024-11-29 10:00:00,2024-11-29 13:00:00,3.0
2024-11-29 08:00:00,3977.9616666666666,3388.22998046875,-589.7316861979166,2024-11-29 10:00:00,2024-11-29 13:00:00,3.0
2024-11-29 09:00:00,3977.9616666666666,3500.2861328125,-477.6755338541666,2024-11-29 10:00:00,2024-11-29 10:00:00,0.0
2024-11-29 10:00:00,3820.23,3557.59521484375,-262.63478515625,2024-11-29 11:00:00,2024-11-29 11:00:00,0.0
2024-11-29 11:00:00,3791.7041666666664,3545.12744140625,-246.57672526041642,2024-11-30 10:00:00,2024-11-29 12:00:00,22.0
2024-11-29 12:00:00,3791.7041666666664,3500.22021484375,-291.4839518229164,2024-11-30 10:00:00,2024-11-29 13:00:00,21.0
2024-11-29 13:00:00,3791.7041666666664,3442.55029296875,-349.1538736979164,2024-11-30 10:00:00,2024-11-29 14:00:00,20.0
2024-11-29 14:00:00,3791.7041666666664,3448.748046875,-342.9561197916664,2024-11-30 10:00:00,2024-11-30 12:00:00,2.0
2024-11-29 15:00:00,3791.7041666666664,3258.24853515625,-533.4556315104164,2024-11-30 10:00:00,2024-11-30 13:00:00,3.0
2024-11-29 16:00:00,3791.7041666666664,3274.8203125,-516.8838541666664,2024-11-30 10:00:00,2024-11-30 10:00:00,0.0
2024-11-29 17:00:00,3791.7041666666664,3475.265625,-316.4385416666664,2024-11-30 10:00:00,2024-11-30 11:00:00,1.0
2024-11-29 18:00:00,3791.7041666666664,3611.30615234375,-180.39801432291642,2024-11-30 10:00:00,2024-11-30 12:00:00,2.0
2024-11-29 19:00:00,3791.7041666666664,3642.827880859375,-148.87628580729142,2024-11-30 10:00:00,2024-11-30 13:00:00,3.0
2024-11-29 20:00:00,3791.7041666666664,3532.4296875,-259.2744791666664,2024-11-30 10:00:00,2024-11-30 14:00:00,4.0
2024-11-29 21:00:00,3791.7041666666664,3455.915771484375,-335.7883951822914,2024-11-30 10:00:00,2024-11-30 13:00:00,3.0
2024-11-29 22:00:00,3791.7041666666664,3354.1708984375,-437.5332682291664,2024-11-30 10:00:00,2024-11-30 12:00:00,2.0
2024-11-29 23:00:00,3791.7041666666664,3359.3017578125,-432.4024088541664,2024-11-30 10:00:00,2024-11-30 11:00:00,1.0
2024-11-30 00:00:00,3791.7041666666664,3316.186767578125,-475.5173990885414,2024-11-30 10:00:00,2024-11-30 14:00:00,4.0
2024-11-30 01:00:00,3791.7041666666664,3289.8974609375,-501.8067057291664,2024-11-30 10:00:00,2024-11-30 08:00:00,2.0
2024-11-30 02:00:00,3791.7041666666664,3342.613037109375,-449.0911295572914,2024-11-30 10:00:00,2024-11-30 09:00:00,1.0
2024-11-30 03:00:00,3791.7041666666664,3362.875,-428.8291666666664,2024-11-30 10:00:00,2024-11-30 10:00:00,0.0
2024-11-30 04:00:00,3791.7041666666664,3397.733642578125,-393.9705240885414,2024-11-30 10:00:00,2024-11-30 10:00:00,0.0
2024-11-30 05:00:00,3791.7041666666664,3410.849853515625,-380.8543131510414,2024-11-30 10:00:00,2024-11-30 11:00:00,1.0
2024-11-30 06:00:00,3791.7041666666664,3403.58544921875,-388.1187174479164,2024-11-30 10:00:00,2024-11-30 12:00:00,2.0
2024-11-30 07:00:00,4405.4675,3358.779296875,-1046.6882031249997,2024-12-01 07:00:00,2024-11-30 13:00:00,18.0
2024-11-30 08:00:00,4999.635833333333,3409.9580078125,-1589.6778255208328,2024-12-01 08:00:00,2024-11-30 09:00:00,23.0
2024-11-30 09:00:00,5400.065833333333,3494.25732421875,-1905.808509114583,2024-12-01 09:00:00,2024-11-30 10:00:00,23.0
2024-11-30 10:00:00,5625.385833333334,3491.275634765625,-2134.1101985677087,2024-12-01 10:00:00,2024-11-30 11:00:00,23.0
2024-11-30 11:00:00,5625.385833333334,3463.345703125,-2162.0401302083337,2024-12-01 10:00:00,2024-11-30 12:00:00,22.0
2024-11-30 12:00:00,5625.385833333334,3429.469970703125,-2195.9158626302087,2024-12-01 10:00:00,2024-11-30 13:00:00,21.0
2024-11-30 13:00:00,5625.385833333334,3358.705078125,-2266.6807552083337,2024-12-01 10:00:00,2024-11-30 14:00:00,20.0
2024-11-30 14:00:00,5625.385833333334,3331.13671875,-2294.2491145833337,2024-12-01 10:00:00,2024-12-01 12:00:00,2.0
2024-11-30 15:00:00,5625.385833333334,3166.780517578125,-2458.6053157552087,2024-12-01 10:00:00,2024-12-01 13:00:00,3.0
2024-11-30 16:00:00,5625.385833333334,3222.37255859375,-2403.0132747395837,2024-12-01 10:00:00,2024-12-01 10:00:00,0.0
2024-11-30 17:00:00,5625.385833333334,3420.97509765625,-2204.4107356770837,2024-12-01 10:00:00,2024-12-01 11:00:00,1.0
2024-11-30 18:00:00,5625.385833333334,3534.1025390625,-2091.2832942708337,2024-12-01 10:00:00,2024-12-01 12:00:00,2.0
2024-11-30 19:00:00,5625.385833333334,3519.2578125,-2106.1280208333337,2024-12-01 10:00:00,2024-12-01 13:00:00,3.0
2024-11-30 20:00:00,5625.385833333334,3421.76708984375,-2203.6187434895837,2024-12-01 10:00:00,2024-12-01 14:00:00,4.0
2024-11-30 21:00:00,5625.385833333334,3285.55078125,-2339.8350520833337,2024-12-01 10:00:00,2024-12-01 13:00:00,3.0
2024-11-30 22:00:00,5625.385833333334,3270.70654296875,-2354.6792903645837,2024-12-01 10:00:00,2024-12-01 10:00:00,0.0
2024-12-01 23:00:00,4444.879166666667,4409.4248046875,-35.454361979166606,2024-12-02 10:00:00,2024-12-02 13:00:00,3.0
2024-12-02 00:00:00,4444.879166666667,4276.9169921875,-167.9621744791666,2024-12-02 10:00:00,2024-12-02 14:00:00,4.0
2024-12-02 01:00:00,4444.879166666667,4123.94921875,-320.9299479166666,2024-12-02 10:00:00,2024-12-02 15:00:00,5.0
2024-12-02 02:00:00,4444.879166666667,4065.93115234375,-378.9480143229166,2024-12-02 10:00:00,2024-12-02 08:00:00,2.0
2024-12-02 03:00:00,4444.879166666667,4262.244140625,-182.6350260416666,2024-12-02 10:00:00,2024-12-02 09:00:00,1.0
2024-12-02 04:00:00,4444.879166666667,4299.48876953125,-145.3903971354166,2024-12-02 10:00:00,2024-12-02 10:00:00,0.0
2024-12-02 05:00:00,4444.879166666667,4182.99609375,-261.8830729166666,2024-12-02 10:00:00,2024-12-02 11:00:00,1.0
2024-12-02 06:00:00,4444.879166666667,4065.8994140625,-378.9797526041666,2024-12-02 10:00:00,2024-12-02 12:00:00,2.0
2024-12-02 07:00:00,4444.879166666667,4052.061767578125,-392.8173990885416,2024-12-02 10:00:00,2024-12-02 13:00:00,3.0
2024-12-02 08:00:00,4444.879166666667,4181.2265625,-263.6526041666666,2024-12-02 10:00:00,2024-12-02 09:00:00,1.0
2024-12-02 09:00:00,4444.879166666667,4190.55419921875,-254.3249674479166,2024-12-02 10:00:00,2024-12-02 10:00:00,0.0
2024-12-02 10:00:00,4227.662499999999,4144.2177734375,-83.44472656249945,2024-12-02 11:00:00,2024-12-02 11:00:00,0.0
2024-12-02 11:00:00,3997.9516666666664,4094.779296875,96.82763020833363,2024-12-02 12:00:00,2024-12-02 12:00:00,0.0
2024-12-02 12:00:00,3792.0616666666665,4008.671142578125,216.6094759114585,2024-12-03 10:00:00,2024-12-02 13:00:00,21.0
2024-12-02 13:00:00,3792.0616666666665,3885.150390625,93.0887239583335,2024-12-03 10:00:00,2024-12-02 14:00:00,20.0
2024-12-02 14:00:00,3792.0616666666665,3799.88818359375,7.826516927083503,2024-12-03 10:00:00,2024-12-02 17:00:00,17.0
2024-12-02 15:00:00,3792.0616666666665,3712.319091796875,-79.7425748697915,2024-12-03 10:00:00,2024-12-02 18:00:00,16.0
2024-12-02 16:00:00,3792.0616666666665,3737.307373046875,-54.7542936197915,2024-12-03 10:00:00,2024-12-03 10:00:00,0.0
2024-12-02 17:00:00,3792.0616666666665,3892.731689453125,100.6700227864585,2024-12-03 10:00:00,2024-12-03 11:00:00,1.0
2024-12-02 18:00:00,3792.0616666666665,4005.6669921875,213.6053255208335,2024-12-03 10:00:00,2024-12-03 12:00:00,2.0
2024-12-02 19:00:00,3792.0616666666665,4014.75634765625,222.6946809895835,2024-12-03 10:00:00,2024-12-03 13:00:00,3.0
2024-12-02 20:00:00,3792.0616666666665,3939.57177734375,147.5101106770835,2024-12-03 10:00:00,2024-12-03 12:00:00,2.0
2024-12-02 21:00:00,3792.0616666666665,3844.051513671875,51.9898470052085,2024-12-03 10:00:00,2024-12-03 13:00:00,3.0
2024-12-02 22:00:00,3792.0616666666665,3730.2138671875,-61.8477994791665,2024-12-03 10:00:00,2024-12-03 14:00:00,4.0
2024-12-03 23:00:00,4651.274166666667,3585.0439453125,-1066.230221354167,2024-12-04 15:00:00,2024-12-04 11:00:00,4.0
2024-12-04 00:00:00,5620.984166666666,3648.147705078125,-1972.8364615885412,2024-12-05 00:00:00,2024-12-04 12:00:00,12.0
2024-12-04 01:00:00,5620.984166666666,3549.5849609375,-2071.399205729166,2024-12-05 00:00:00,2024-12-04 13:00:00,11.0
2024-12-04 02:00:00,5620.984166666666,3568.771484375,-2052.212682291666,2024-12-05 00:00:00,2024-12-04 09:00:00,15.0
2024-12-04 03:00:00,5620.984166666666,3723.2529296875,-1897.7312369791662,2024-12-05 00:00:00,2024-12-04 09:00:00,15.0
2024-12-04 04:00:00,5620.984166666666,3863.24658203125,-1757.7375846354162,2024-12-05 00:00:00,2024-12-04 11:00:00,13.0
2024-12-04 05:00:00,5620.984166666666,3953.119140625,-1667.8650260416662,2024-12-05 00:00:00,2024-12-04 09:00:00,15.0
2024-12-04 06:00:00,5620.984166666666,3973.1875,-1647.7966666666662,2024-12-05 00:00:00,2024-12-04 10:00:00,14.0
2024-12-04 07:00:00,5620.984166666666,3936.599609375,-1684.3845572916662,2024-12-05 00:00:00,2024-12-04 11:00:00,13.0
2024-12-04 08:00:00,5620.984166666666,3929.52734375,-1691.4568229166662,2024-12-05 00:00:00,2024-12-04 12:00:00,12.0
2024-12-04 09:00:00,5620.984166666666,3985.04150390625,-1635.9426627604162,2024-12-05 00:00:00,2024-12-04 10:00:00,14.0
2024-12-04 10:00:00,5620.984166666666,4084.591796875,-1536.3923697916662,2024-12-05 00:00:00,2024-12-04 11:00:00,13.0
2024-12-04 11:00:00,5620.984166666666,4144.44140625,-1476.5427604166662,2024-12-05 00:00:00,2024-12-04 12:00:00,12.0
2024-12-04 12:00:00,5620.984166666666,4136.451171875,-1484.5329947916662,2024-12-05 00:00:00,2024-12-04 13:00:00,11.0
2024-12-04 13:00:00,5620.984166666666,4039.72412109375,-1581.2600455729162,2024-12-05 00:00:00,2024-12-04 14:00:00,10.0
2024-12-04 14:00:00,5620.984166666666,3991.66748046875,-1629.3166861979162,2024-12-05 00:00:00,2024-12-05 12:00:00,12.0
2024-12-04 15:00:00,5620.984166666666,3838.72705078125,-1782.2571158854162,2024-12-05 00:00:00,2024-12-04 16:00:00,8.0
2024-12-04 16:00:00,5620.984166666666,3923.525634765625,-1697.4585319010412,2024-12-05 00:00:00,2024-12-05 11:00:00,11.0
2024-12-04 17:00:00,5620.984166666666,4161.1162109375,-1459.8679557291662,2024-12-05 00:00:00,2024-12-05 10:00:00,10.0
2024-12-04 18:00:00,5620.984166666666,4218.154296875,-1402.8298697916662,2024-12-05 00:00:00,2024-12-05 11:00:00,11.0
2024-12-04 19:00:00,5620.984166666666,4302.3486328125,-1318.6355338541662,2024-12-05 00:00:00,2024-12-05 12:00:00,12.0
2024-12-04 20:00:00,5620.984166666666,4347.0986328125,-1273.8855338541662,2024-12-05 00:00:00,2024-12-05 10:00:00,10.0
2024-12-04 21:00:00,5620.984166666666,4423.939453125,-1197.0447135416662,2024-12-05 00:00:00,2024-12-05 11:00:00,11.0
2024-12-04 22:00:00,5882.2891666666665,4475.841796875,-1406.4473697916665,2024-12-05 22:00:00,2024-12-05 12:00:00,10.0
2024-12-04 23:00:00,6131.246363636363,4464.20458984375,-1667.0417737926127,2024-12-05 23:00:00,2024-12-05 13:00:00,10.0
2024-12-05 00:00:00,7415.528333333333,4539.91015625,-2875.6181770833327,2024-12-06 00:00:00,2024-12-05 14:00:00,10.0
2024-12-05 01:00:00,7415.528333333333,4636.1806640625,-2779.3476692708327,2024-12-06 00:00:00,2024-12-05 08:00:00,16.0
2024-12-05 02:00:00,7415.528333333333,4862.31298828125,-2553.2153450520827,2024-12-06 00:00:00,2024-12-05 09:00:00,15.0
2024-12-05 03:00:00,7415.528333333333,4949.5849609375,-2465.9433723958327,2024-12-06 00:00:00,2024-12-05 10:00:00,14.0
2024-12-05 04:00:00,7415.528333333333,4965.666015625,-2449.8623177083327,2024-12-06 00:00:00,2024-12-05 11:00:00,13.0
2024-12-05 05:00:00,7415.528333333333,5000.6015625,-2414.9267708333327,2024-12-06 00:00:00,2024-12-05 12:00:00,12.0
2024-12-05 06:00:00,7415.528333333333,5039.9013671875,-2375.6269661458327,2024-12-06 00:00:00,2024-12-05 13:00:00,11.0
2024-12-05 07:00:00,7415.528333333333,4905.3671875,-2510.1611458333327,2024-12-06 00:00:00,2024-12-05 14:00:00,10.0
2024-12-05 08:00:00,7415.528333333333,4930.5869140625,-2484.9414192708327,2024-12-06 00:00:00,2024-12-05 09:00:00,15.0
2024-12-05 09:00:00,7415.528333333333,5081.79541015625,-2333.7329231770827,2024-12-06 00:00:00,2024-12-05 10:00:00,14.0
2024-12-05 10:00:00,7415.528333333333,5219.1533203125,-2196.3750130208327,2024-12-06 00:00:00,2024-12-05 11:00:00,13.0
2024-12-05 11:00:00,7415.528333333333,5216.2587890625,-2199.2695442708327,2024-12-06 00:00:00,2024-12-05 12:00:00,12.0
2024-12-05 12:00:00,7415.528333333333,5194.3720703125,-2221.1562630208327,2024-12-06 00:00:00,2024-12-05 13:00:00,11.0
2024-12-05 13:00:00,7415.528333333333,5094.3505859375,-2321.1777473958327,2024-12-06 00:00:00,2024-12-05 14:00:00,10.0
2024-12-05 14:00:00,7415.528333333333,5024.89794921875,-2390.6303841145827,2024-12-06 00:00:00,2024-12-05 15:00:00,9.0
2024-12-05 15:00:00,7686.335,4994.1484375,-2692.1865625,2024-12-06 15:00:00,2024-12-06 10:00:00,5.0
2024-12-05 16:00:00,7686.335,5073.18115234375,-2613.15384765625,2024-12-06 15:00:00,2024-12-06 11:00:00,4.0
2024-12-05 17:00:00,7686.335,5128.82373046875,-2557.51126953125,2024-12-06 15:00:00,2024-12-06 12:00:00,3.0
2024-12-05 18:00:00,7686.335,5181.3837890625,-2504.9512109375,2024-12-06 15:00:00,2024-12-06 13:00:00,2.0
2024-12-05 19:00:00,7686.335,5220.4140625,-2465.9209375,2024-12-06 15:00:00,2024-12-06 14:00:00,1.0
2024-12-05 20:00:00,7686.335,5077.9453125,-2608.3896875,2024-12-06 15:00:00,2024-12-06 15:00:00,0.0
2024-12-05 21:00:00,7686.335,5060.4775390625,-2625.8574609375,2024-12-06 15:00:00,2024-12-06 11:00:00,4.0
2024-12-05 22:00:00,7686.335,5101.0732421875,-2585.2617578125,2024-12-06 15:00:00,2024-12-06 11:00:00,4.0
2024-12-05 23:00:00,7715.850833333334,5130.525390625,-2585.325442708334,2024-12-06 23:00:00,2024-12-06 13:00:00,10.0
2024-12-06 00:00:00,7715.850833333334,5316.94140625,-2398.909427083334,2024-12-06 23:00:00,2024-12-06 14:00:00,9.0
2024-12-06 01:00:00,7715.850833333334,5520.21923828125,-2195.631595052084,2024-12-06 23:00:00,2024-12-06 08:00:00,15.0
2024-12-06 02:00:00,7715.850833333334,5668.208984375,-2047.6418489583339,2024-12-06 23:00:00,2024-12-06 09:00:00,14.0
2024-12-06 03:00:00,7715.850833333334,5805.5830078125,-1910.2678255208339,2024-12-06 23:00:00,2024-12-06 10:00:00,13.0
2024-12-06 04:00:00,7715.850833333334,5777.34765625,-1938.5031770833339,2024-12-06 23:00:00,2024-12-06 11:00:00,12.0
2024-12-06 05:00:00,7715.850833333334,5880.994140625,-1834.8566927083339,2024-12-06 23:00:00,2024-12-06 09:00:00,14.0
2024-12-06 06:00:00,7715.850833333334,5979.81298828125,-1736.0378450520839,2024-12-06 23:00:00,2024-12-06 09:00:00,14.0
2024-12-06 07:00:00,7715.850833333334,6103.8154296875,-1612.0354036458339,2024-12-06 23:00:00,2024-12-06 10:00:00,13.0
2024-12-06 08:00:00,7715.850833333334,6041.38134765625,-1674.4694856770839,2024-12-06 23:00:00,2024-12-06 11:00:00,12.0
2024-12-06 09:00:00,7715.850833333334,5984.44921875,-1731.4016145833339,2024-12-06 23:00:00,2024-12-06 10:00:00,13.0
2024-12-06 10:00:00,7715.850833333334,6231.4990234375,-1484.3518098958339,2024-12-06 23:00:00,2024-12-06 11:00:00,12.0
2024-12-06 11:00:00,7715.850833333334,6199.322265625,-1516.5285677083339,2024-12-06 23:00:00,2024-12-06 12:00:00,11.0
2024-12-06 12:00:00,7715.850833333334,6193.193359375,-1522.6574739583339,2024-12-06 23:00:00,2024-12-06 13:00:00,10.0
2024-12-06 13:00:00,7715.850833333334,6031.64501953125,-1684.2058138020839,2024-12-06 23:00:00,2024-12-06 14:00:00,9.0
2024-12-06 14:00:00,7715.850833333334,6100.294921875,-1615.5559114583339,2024-12-06 23:00:00,2024-12-07 12:00:00,13.0
2024-12-06 15:00:00,7715.850833333334,6118.0361328125,-1597.8147005208339,2024-12-06 23:00:00,2024-12-06 19:00:00,4.0
2024-12-06 16:00:00,7715.850833333334,6230.83984375,-1485.0109895833339,2024-12-06 23:00:00,2024-12-06 20:00:00,3.0
2024-12-06 17:00:00,7715.850833333334,6327.87353515625,-1387.9772981770839,2024-12-06 23:00:00,2024-12-06 23:00:00,0.0
2024-12-06 18:00:00,7715.850833333334,6432.82861328125,-1283.0222200520839,2024-12-06 23:00:00,2024-12-07 13:00:00,14.0
2024-12-06 19:00:00,7715.850833333334,6612.166015625,-1103.6848177083339,2024-12-06 23:00:00,2024-12-07 14:00:00,15.0
2024-12-06 20:00:00,7715.850833333334,6521.3681640625,-1194.4826692708339,2024-12-06 23:00:00,2024-12-07 15:00:00,16.0
2024-12-06 21:00:00,7715.850833333334,6400.21337890625,-1315.6374544270839,2024-12-06 23:00:00,2024-12-07 11:00:00,12.0
2024-12-06 22:00:00,7715.850833333334,6517.982421875,-1197.8684114583339,2024-12-06 23:00:00,2024-12-07 12:00:00,13.0
2024-12-06 23:00:00,6805.256666666667,6638.1298828125,-167.12678385416712,2024-12-07 00:00:00,2024-12-07 11:00:00,11.0
2024-12-07 00:00:00,6579.981,6586.5615234375,6.580523437500233,2024-12-07 23:00:00,2024-12-07 12:00:00,11.0
2024-12-07 01:00:00,6579.981,6568.22802734375,-11.752972656249767,2024-12-07 23:00:00,2024-12-07 13:00:00,10.0
2024-12-07 02:00:00,6579.981,6453.7197265625,-126.26127343749977,2024-12-07 23:00:00,2024-12-07 14:00:00,9.0
2024-12-07 03:00:00,6579.981,6434.5380859375,-145.44291406249977,2024-12-07 23:00:00,2024-12-07 15:00:00,8.0
2024-12-07 04:00:00,6579.981,6429.5771484375,-150.40385156249977,2024-12-07 23:00:00,2024-12-07 12:00:00,11.0
2024-12-07 05:00:00,6579.981,6456.45703125,-123.52396874999977,2024-12-07 23:00:00,2024-12-07 13:00:00,10.0
2024-12-07 06:00:00,6579.981,6305.9345703125,-274.04642968749977,2024-12-07 23:00:00,2024-12-07 08:00:00,15.0
2024-12-07 07:00:00,6579.981,6394.96240234375,-185.01859765624977,2024-12-07 23:00:00,2024-12-07 10:00:00,13.0
2024-12-07 08:00:00,6579.981,6365.591796875,-214.38920312499977,2024-12-07 23:00:00,2024-12-07 11:00:00,12.0
2024-12-07 09:00:00,6579.981,6264.2158203125,-315.76517968749977,2024-12-07 23:00:00,2024-12-07 12:00:00,11.0
2024-12-07 10:00:00,6579.981,6370.3095703125,-209.67142968749977,2024-12-07 23:00:00,2024-12-07 11:00:00,12.0
2024-12-07 11:00:00,6579.981,6347.044921875,-232.93607812499977,2024-12-07 23:00:00,2024-12-07 12:00:00,11.0
2024-12-07 12:00:00,6579.981,6220.9716796875,-359.00932031249977,2024-12-07 23:00:00,2024-12-07 13:00:00,10.0
2024-12-07 13:00:00,6579.981,6097.4833984375,-482.49760156249977,2024-12-07 23:00:00,2024-12-07 14:00:00,9.0
2024-12-07 14:00:00,6579.981,6056.7451171875,-523.2358828124998,2024-12-07 23:00:00,2024-12-07 15:00:00,8.0
2024-12-07 15:00:00,6579.981,6075.8662109375,-504.11478906249977,2024-12-07 23:00:00,2024-12-07 16:00:00,7.0
2024-12-07 16:00:00,6579.981,6021.23193359375,-558.7490664062498,2024-12-07 23:00:00,2024-12-07 17:00:00,6.0
2024-12-07 17:00:00,6579.981,5963.787109375,-616.1938906249998,2024-12-07 23:00:00,2024-12-07 20:00:00,3.0
2024-12-07 18:00:00,6579.981,5981.6279296875,-598.3530703124998,2024-12-07 23:00:00,2024-12-07 19:00:00,4.0
2024-12-07 19:00:00,6579.981,5880.69677734375,-699.2842226562498,2024-12-07 23:00:00,2024-12-07 20:00:00,3.0
2024-12-07 20:00:00,6579.981,5876.5859375,-703.3950624999998,2024-12-07 23:00:00,2024-12-08 14:00:00,15.0
2024-12-07 21:00:00,6579.981,5767.64306640625,-812.3379335937498,2024-12-07 23:00:00,2024-12-08 15:00:00,16.0
2024-12-07 22:00:00,6579.981,5706.2421875,-873.7388124999998,2024-12-07 23:00:00,2024-12-08 10:00:00,11.0
2024-12-07 23:00:00,5473.16,5957.70166015625,484.54166015625015,2024-12-08 11:00:00,2024-12-08 11:00:00,0.0
2024-12-08 00:00:00,5473.16,5931.84130859375,458.68130859375015,2024-12-08 11:00:00,2024-12-08 12:00:00,1.0
2024-12-08 01:00:00,5473.16,5951.8720703125,478.71207031250015,2024-12-08 11:00:00,2024-12-08 13:00:00,2.0
2024-12-08 02:00:00,5473.16,5737.259765625,264.09976562500015,2024-12-08 11:00:00,2024-12-08 14:00:00,3.0
2024-12-08 03:00:00,5473.16,5653.4794921875,180.31949218750015,2024-12-08 11:00:00,2024-12-08 15:00:00,4.0
2024-12-08 04:00:00,5473.16,5868.4130859375,395.25308593750015,2024-12-08 11:00:00,2024-12-08 12:00:00,1.0
2024-12-08 05:00:00,5473.16,5809.90234375,336.74234375000015,2024-12-08 11:00:00,2024-12-08 13:00:00,2.0
2024-12-08 06:00:00,5473.16,5580.13720703125,106.97720703125015,2024-12-08 11:00:00,2024-12-08 08:00:00,3.0
2024-12-08 07:00:00,5473.16,5558.1943359375,85.03433593750015,2024-12-08 11:00:00,2024-12-08 13:00:00,2.0
2024-12-08 08:00:00,5473.16,5531.83447265625,58.674472656250146,2024-12-08 11:00:00,2024-12-08 14:00:00,3.0
2024-12-08 09:00:00,5473.16,5374.7470703125,-98.41292968749985,2024-12-08 11:00:00,2024-12-08 19:00:00,8.0
2024-12-08 10:00:00,5473.16,5466.98974609375,-6.1702539062498545,2024-12-08 11:00:00,2024-12-08 16:00:00,5.0
2024-12-08 11:00:00,5450.3425,5434.4375,-15.904999999999745,2024-12-08 15:00:00,2024-12-08 17:00:00,2.0
2024-12-08 12:00:00,5450.3425,5489.65625,39.313750000000255,2024-12-08 15:00:00,2024-12-08 17:00:00,2.0
2024-12-08 13:00:00,5450.3425,5414.912109375,-35.430390624999745,2024-12-08 15:00:00,2024-12-08 14:00:00,1.0
2024-12-08 14:00:00,5450.3425,5375.1689453125,-75.17355468749975,2024-12-08 15:00:00,2024-12-08 15:00:00,0.0
2024-12-08 15:00:00,5370.1025,5555.2802734375,185.17777343750004,2024-12-08 16:00:00,2024-12-08 16:00:00,0.0
2024-12-08 16:00:00,5334.514166666667,5504.056640625,169.54247395833318,2024-12-08 17:00:00,2024-12-08 17:00:00,0.0
2024-12-08 17:00:00,5313.009166666667,5438.26220703125,125.25304036458328,2024-12-08 22:00:00,2024-12-08 18:00:00,4.0
2024-12-08 18:00:00,5313.009166666667,5460.59765625,147.58848958333328,2024-12-08 22:00:00,2024-12-08 19:00:00,3.0
2024-12-08 19:00:00,5313.009166666667,5132.92138671875,-180.08777994791672,2024-12-08 22:00:00,2024-12-08 20:00:00,2.0
2024-12-08 20:00:00,5313.009166666667,4860.39990234375,-452.6092643229167,2024-12-08 22:00:00,2024-12-08 21:00:00,1.0
2024-12-08 21:00:00,5313.009166666667,4872.55078125,-440.4583854166667,2024-12-08 22:00:00,2024-12-09 14:00:00,16.0
2024-12-08 22:00:00,5135.916666666667,4988.7958984375,-147.12076822916697,2024-12-09 00:00:00,2024-12-09 15:00:00,15.0
>>>>>>> Stashed changes
